--- When using SR data,please cite us and provide a link and/or a mention.,,,,,,,,,,,,,,,,,,,,,,,,0
,,,,,,,,,,,,,,,,,,,,,,,,,
,,,,,,,,,,,,,,,,,,,,,,,,,
,,,,,,,,,,,,,,,,,,,,,,,,,
Player,Pos,Age,G,GS,MP,FG,FGA,3P,3PA,2P,2PA,FT,FTA,ORB,DRB,AST,STL,BLK,TOV,PF,PTS,,ORtg,DRtg,Better
Aaron Gordon\gordoaa01,PF,25,50,50,1384,8.2,17.7,2.1,6.2,6.1,11.4,3.4,5.3,2.7,7.3,5.7,1.2,1.2,3.4,3.2,21.9,,107,114,1
Aaron Holiday\holidaa01,PG,24,66,8,1176,6.8,17.5,2.7,7.3,4.1,10.2,2.7,3.3,0.6,3,4.9,1.8,0.5,2.7,3.8,19.1,,99,115,0
Aaron Nesmith\nesmiaa01,SF,21,46,1,669,5.7,13,2.9,7.9,2.8,5.1,1.6,2,2,7.2,1.7,1.1,0.7,1.7,6.4,15.9,,113,114,0
Abdel Nader\naderab01,SF,27,24,0,355,7.9,16.1,2.5,6,5.4,10.2,3.9,5.1,1,7.6,2.6,1.4,1.3,2.6,4.7,22.2,,111,111,0
Adam Mokoka\mokokad01,SG,22,14,0,56,6.1,16.4,0.9,8.7,5.2,7.8,0,0.9,0.9,3.5,4.3,1.7,0.9,4.3,4.3,13,,73,113,0
Al Horford\horfoal01,C,34,28,28,782,9.8,21.9,3.4,9.2,6.4,12.6,1.1,1.3,1.8,9.7,5.7,1.5,1.6,1.8,2.9,24.2,,111,112,1
Al-Farouq Aminu\aminual01,PF,30,23,14,434,4.3,11.1,0.9,4.1,3.4,6.9,2,2.5,2.5,9.9,3.5,2.1,1,3.1,3.2,11.4,,91,111,0
Alec Burks\burksal01,SG,29,49,5,1255,8.4,19.9,4.1,9.8,4.3,10.1,4,4.7,0.8,8.2,4.3,1.2,0.6,2,4.1,24.8,,114,109,0
Aleksej Pokusevski\pokusal01,PF,19,45,28,1090,6.1,17.8,2.5,9,3.5,8.8,1.4,1.8,1.3,7.9,4.2,0.9,1.8,4.3,2.5,16,,81,114,0
Alen Smailagić\smailal01,PF,20,15,1,84,6.2,15.1,2.2,5.6,3.9,9.5,1.1,3.4,3.4,5.6,2.2,1.7,2.8,2.8,6.2,15.7,,92,108,0
Alex Caruso\carusal01,PG,26,58,6,1216,5.3,12.2,2.2,5.5,3.1,6.7,2,3,1.2,5.6,6.4,2.6,0.6,3,4.3,14.8,,106,106,0
Alex Len\lenal01,C,27,64,42,979,8.1,13.1,0.4,1.2,7.7,12,3.5,5.5,3.7,8.6,2.3,0.9,3,2.6,6,20,,119,110,0
Alfonzo McKinnie\mckinal01,SF,28,39,0,258,9.1,17.5,3,7.4,6,10.2,1.9,3.4,4.1,6,1.1,1.3,0,0.9,4.9,23,,123,110,0
Alize Johnson\johnsal02,PF,24,18,0,189,10.2,17.4,0.3,1.5,10,15.8,3.3,3.3,6.9,16.1,3.6,1.3,1.3,2.3,4.1,24,,131,109,0
Amida Brimah\brimaam01,C,26,5,0,29,8.1,13,0,0,8.1,13,4.9,4.9,3.3,9.8,1.6,0,8.1,6.5,6.5,21.2,,101,106,0
Amir Coffey\coffeam01,SG,23,44,1,394,5.7,12.9,2.9,7,2.8,5.9,3.4,4.8,1.3,4.3,2.8,1.3,0,1.9,3.8,17.6,,115,114,0
Anderson Varejão\varejan01,C,38,5,0,36,5.5,21.9,0,1.4,5.5,20.6,6.9,12.3,9.6,17.8,4.1,0,2.7,1.4,4.1,17.8,,91,110,0
Andre Drummond\drumman01,C,27,46,46,1242,11.1,22.6,0,0.3,11.1,22.3,4.9,8.1,6.6,15.2,3.7,2.5,1.9,4.9,5.9,27.1,,101,104,0
Andre Iguodala\iguodan01,SF,37,63,5,1339,3.5,9.2,2.2,6.8,1.3,2.4,0.9,1.4,1.4,6.8,5.3,2.1,1.3,2.5,3.3,10.2,,103,110,0
Andre Roberson\roberan03,SG,29,5,0,63,1.5,10.7,0.8,6.1,0.8,4.6,0.8,1.5,5.4,6.1,3.1,2.3,0.8,1.5,3.1,4.6,,79,113,0
Andrew Wiggins\wiggian01,PF,25,71,71,2364,10,21,2.8,7.3,7.3,13.7,3.4,4.7,1.6,5.3,3.3,1.3,1.4,2.5,3.2,26.2,,107,111,1
Anfernee Simons\simonan01,SG,21,64,0,1104,7.4,17.7,5.3,12.5,2.1,5.3,2,2.5,0.6,5.6,3.9,0.8,0.4,1.9,4.2,22.2,,117,119,0
Anthony Davis\davisan02,PF,27,36,36,1162,12.6,25.7,1.1,4.2,11.5,21.5,6.6,9,2.6,9.4,4.6,1.9,2.5,3.1,2.5,32.9,,110,104,1
Anthony Edwards\edwaran01,SG,19,72,55,2314,10.3,24.7,3.5,10.6,6.8,14.1,4.3,5.6,1.2,5.7,4.3,1.7,0.7,3.3,2.6,28.4,,102,116,0
Anthony Gill\gillan01,PF,28,26,4,218,6.3,12.7,1.5,5.1,4.9,7.6,2.7,3.4,3.4,7.4,2.3,2.1,0.8,1.7,5.7,16.9,,120,111,0
Anthony Lamb\lamban01,SF,23,24,3,415,5.2,13.5,2.6,8.1,2.6,5.4,2.1,2.4,3.1,4.9,2.6,0.7,0.6,2.2,3.9,15.2,,105,118,0
Anthony Tolliver\tollian01,PF,35,11,0,99,1.9,8.3,1.9,6.8,0,1.5,2.4,2.9,1.5,3.4,1,1.5,1,1.5,3.4,8.3,,91,111,0
Anžejs Pasečņiks\pasecan01,C,25,1,0,6,0,7.7,0,7.7,0,0,0,0,7.7,0,7.7,0,0,38.4,15.4,0,,21,120,0
Armoni Brooks\brookar01,SG,22,20,5,520,7.1,17.5,5.5,14.3,1.6,3.2,0.6,1.1,0.9,5.3,2.7,1.1,0.5,2,3.1,20.3,,105,117,0
Aron Baynes\baynear01,C,34,53,31,980,6.6,15,1.3,5.1,5.3,9.9,1.4,2,4.3,9.2,2.3,0.8,1.1,2.3,5.9,16,,104,113,0
Ashton Hagans\haganas01,PG,21,2,0,4,0,0,0,0,0,0,0,0,0,0,0,0,0,11.8,0,0,,0,124,0
Austin Rivers\riverau01,SG,28,36,7,845,6.1,14.4,3.2,8.8,2.9,5.7,1.3,1.8,0.5,4.4,4.8,1.8,0.1,2.1,3.8,16.8,,109,112,0
Avery Bradley\bradlav01,SG,30,27,6,602,5.1,13.7,2.6,8.1,2.5,5.6,1,1.2,0.6,3.9,3.7,1.7,0.2,2.2,4.4,13.8,,94,116,0
Axel Toupane\toupaax01,SF,28,8,1,61,3.1,8.5,0.8,1.5,2.3,6.9,3.8,5.4,0,4.6,3.1,1.5,2.3,0,4.6,10.8,,119,111,0
Bam Adebayo\adebaba01,C,23,64,64,2143,10.6,18.5,0,0.2,10.5,18.4,6.6,8.2,3.3,10,8,1.7,1.5,3.9,3.4,27.7,,122,108,1
Ben McLemore\mclembe01,SG,27,53,5,905,7.1,19.3,5.1,14.8,2,4.5,2.1,2.8,0.8,4.5,2.1,1.2,0.5,2.2,4.7,21.5,,99,115,0
Ben Simmons\simmobe01,PG,24,58,58,1877,8.4,15,0.1,0.3,8.3,14.7,4.5,7.4,2.4,8.3,10.3,2.4,0.9,4.4,4.4,21.3,,114,106,1
Bismack Biyombo\biyombi01,C,28,66,36,1349,5.1,8.8,0,0,5.1,8.7,1.7,3.8,5,7.6,2.9,0.6,2.7,2.6,5.1,12,,113,113,0
Blake Griffin\griffbl01,PF,31,46,30,1186,7.1,16.9,2.9,8.4,4.3,8.5,3.6,4.8,1.4,7.8,5.7,1.3,0.6,2.5,4.6,20.7,,110,114,0
Boban Marjanović\marjabo01,C,32,33,3,271,11.3,22.2,0.2,1.5,11.1,20.7,5.6,6.9,8.6,14.7,1.8,0.4,1.1,2.2,5.3,28.4,,121,111,0
Bobby Portis\portibo01,C,25,66,7,1372,10.7,20.5,2.5,5.4,8.2,15.1,1.8,2.5,4.2,11.7,2.4,1.8,0.9,1.9,3.9,25.8,,121,109,0
Bogdan Bogdanović\bogdabo01,SG,28,44,27,1305,10.1,21.3,5.5,12.6,4.6,8.7,1.5,1.7,0.8,5.3,5.5,1.8,0.5,2,3.7,27.1,,122,114,0
Bojan Bogdanović\bogdabo02,SF,31,72,72,2216,8.9,20.3,4,10.1,5,10.2,5.1,5.8,0.9,5.3,3,1,0.1,2.8,2.5,26.9,,113,112,0
Bol Bol\bolbo01,PF,21,32,2,160,7.7,17.9,2.8,7.4,4.9,10.5,3.1,4.6,0,7.4,2.2,0.9,3.1,4,4.3,21.3,,92,111,0
Brad Wanamaker\wanambr01,PG,31,61,0,1053,5.2,13.5,0.7,3.9,4.5,9.7,4.1,4.6,0.8,3.9,7.9,1.9,0.5,3.2,4.3,15.2,,102,113,0
Bradley Beal\bealbr01,SG,27,60,60,2147,14.4,29.7,2.8,8,11.6,21.7,8.8,9.9,1.5,4.5,5.7,1.5,0.5,4,3,40.3,,114,115,1
Brandon Clarke\clarkbr01,PF,24,59,16,1415,8.7,16.7,0.7,2.6,8,14.1,2.6,3.8,3.3,7.8,3.2,2,1.7,1.1,2.8,20.6,,119,109,0
Brandon Goodwin\goodwbr01,PG,25,47,5,620,6.7,17.7,2.5,8.2,4.1,9.5,2.2,3.4,0.6,4.8,7.5,1.3,0,2.9,3.3,18.1,,101,116,0
Brandon Ingram\ingrabr01,SF,23,61,61,2093,11.8,25.2,3.3,8.6,8.5,16.6,6.4,7.3,0.8,6.1,6.8,1,0.8,3.5,2.8,33.2,,115,116,1
Brian Bowen\bowenbr02,SF,22,6,0,15,3.2,12.6,0,3.2,3.2,9.5,3.2,3.2,0,9.5,0,0,0,0,3.2,9.5,,74,116,0
Brodric Thomas\thomabr01,SG,24,32,1,399,4.8,13.3,2,7.3,2.8,6,3.8,5.7,1,5.5,3.7,1.8,1.2,2.7,4.9,15.4,,96,114,0
Brook Lopez\lopezbr01,C,32,70,70,1902,8,15.8,2.3,6.9,5.6,8.9,3,3.5,2.6,6,1.2,1,2.5,1.6,3.7,21.2,,121,111,1
Bruce Brown\brownbr01,PG,24,65,37,1451,7.8,14.1,0.6,2,7.2,12.1,2.9,3.9,3.7,7.9,3.5,1.9,0.9,1.8,4.8,19,,124,112,0
Bruno Caboclo\cabocbr01,PF,25,6,0,36,10.5,22.3,0,6.6,10.5,15.8,1.3,2.6,3.9,14.5,1.3,0,2.6,5.3,7.9,22.3,,83,112,0
Bruno Fernando\fernabr01,C,22,33,0,226,3.9,9.6,0,0.4,3.9,9.1,3.3,4.8,3.5,13.5,2.2,0.9,0.7,4.6,5,11.1,,86,111,0
Bryn Forbes\forbebr01,SG,27,70,10,1354,8.7,18.3,5.3,11.8,3.3,6.5,1.6,2.1,0.4,3.5,1.6,0.8,0,1.5,2.7,24.3,,119,117,0
Buddy Hield\hieldbu01,SG,28,71,71,2433,8,19.6,5.6,14.2,2.4,5.3,1.7,2.1,0.6,6,5.1,1.2,0.6,2.6,3.5,23.2,,109,119,1
Caleb Martin\martica02,SF,25,53,3,818,5.7,15.3,1.9,7.5,3.9,7.8,2.4,3.8,1.9,6.6,4,2.2,0.7,2,3.7,15.8,,99,112,0
Cam Reddish\reddica01,SF,21,26,21,750,6.3,17.3,2.2,8.3,4.1,9,4.4,5.4,1.4,5.4,2.3,2.2,0.6,2.2,4.5,19.2,,100,113,0
Cameron Johnson\johnsca02,PF,24,60,11,1437,7,16.6,4,11.5,3,5.1,1.7,2,1.1,5.7,3,1.3,0.5,1.4,2.9,19.7,,112,113,0
Cameron Oliver\oliveca01,SF,24,4,0,87,10.3,18,2.2,7.1,8.2,10.9,0.5,2.2,2.7,8.7,2.7,1.1,2.2,1.6,6,23.4,,118,113,0
Cameron Payne\payneca01,PG,26,60,1,1079,8.7,18.1,3.3,7.6,5.4,10.5,2.3,2.6,0.7,5.9,9.9,1.6,0.7,2.7,4.4,23.1,,122,112,0
Cameron Reynolds\reynoca01,SF,25,5,0,40,7.1,21.4,3.6,14.3,3.6,7.1,0,0,2.4,3.6,2.4,0,0,0,2.4,17.8,,96,121,0
Caris LeVert\leverca01,SG,26,47,39,1486,11.5,26,2.7,8.2,8.8,17.8,4.7,5.8,1.1,5.8,7.8,2.1,1,3.3,3.4,30.3,,107,113,1
Carmelo Anthony\anthoca01,PF,36,69,3,1690,9.4,22.4,3.8,9.4,5.6,13,4,4.4,0.9,5.3,3,1.3,1.1,1.8,4.2,26.7,,112,117,0
Carsen Edwards\edwarca01,SG,22,31,1,276,8.3,19.6,3.2,11.2,5.1,8.5,1.9,2.3,0.5,4.1,2.5,1.2,0.2,1.2,4.4,21.8,,108,116,0
Cassius Stanley\stanlca01,SG,21,24,0,93,6.6,21.9,1.5,6.6,5.1,15.2,3.6,4.6,4.1,6.1,0.5,0.5,1,0.5,7.1,18.3,,90,116,0
Cassius Winston\winstca01,PG,22,22,0,98,6.6,15.5,3.8,8,2.8,7.5,2.4,2.8,0,4.2,5.6,0.9,0.5,2.4,3.8,19.3,,111,116,0
Cedi Osman\osmande01,SF,25,59,26,1510,7.2,19.1,3.2,10.6,3.9,8.6,2.5,3.1,1.2,5.3,5.7,1.7,0.3,2.6,3.9,20,,100,116,0
Chandler Hutchison\hutchch01,SF,24,25,1,346,5.2,13.9,1.1,3,4.2,10.9,2.8,3.4,0.8,9.7,2.3,1.6,0.7,2.7,4.4,14.4,,89,111,0
Charlie Brown\brownch02,SG,23,9,1,152,4.1,13.4,1.6,6.6,2.5,6.9,2.8,3.1,0.9,4.4,2.8,1.3,0.6,1.9,5.9,12.5,,88,116,0
Chasson Randle\randlch01,PG,27,41,5,837,5.3,13.8,2.6,7.6,2.8,6.2,2.2,2.8,0.4,4.4,4.3,1.3,0.3,2.7,3.7,15.5,,98,117,0
Chimezie Metu\metuch01,C,23,36,6,488,9,17.6,1.3,3.6,7.7,14,3,4.2,3,8,2.8,1.4,1.8,2.9,5.8,22.2,,109,116,0
Chris Boucher\bouchch01,C,28,60,14,1453,9.6,18.7,3,7.8,6.6,10.8,5.1,6.4,3.9,9.6,2.1,1.2,3.7,1.5,5.5,27.2,,127,109,1
Chris Chiozza\chiozch01,PG,25,22,1,232,6.4,18.3,2.7,8.7,3.7,9.6,2.7,3.5,0.6,4.4,13.5,1.5,1.2,3.3,4,18.3,,108,115,0
Chris Paul\paulch01,PG,35,70,70,2199,9.9,19.7,2.3,5.8,7.6,13.9,3.8,4.1,0.6,6.4,14,2.2,0.4,3.5,3.7,25.8,,124,111,1
Chris Silva\silvach01,PF,24,15,0,92,5.4,8.6,0.5,0.5,4.8,8.1,5.9,8.1,3.8,10.8,3.2,0.5,3.2,5.4,12.9,17.2,,110,109,0
Christian Wood\woodch01,C,25,41,41,1326,11.7,22.8,2.7,7.4,9,15.5,4.5,7.1,2.7,11.4,2.5,1.2,1.7,2.9,3.1,30.7,,111,112,1
Chuma Okeke\okekech01,PF,22,45,19,1133,5.8,13.9,2.1,6.1,3.7,7.9,1.3,1.7,1.8,6,4.3,2.1,0.9,1.6,2.1,15,,107,114,0
CJ Elleby\ellebcj01,SF,20,30,0,192,6.4,16.8,1.8,8.6,4.6,8.1,2.8,3.8,2.8,5.3,2.5,1.5,0.8,1.3,6.9,17.3,,105,117,0
CJ McCollum\mccolcj01,SG,29,47,47,1600,12.3,26.9,5.2,12.8,7.2,14.1,3.3,4.1,0.9,4.7,6.8,1.3,0.6,2,2.7,33.1,,120,118,1
Clint Capela\capelca01,C,26,63,63,1898,10.7,18,0,0,10.7,18,3.4,5.9,7.7,15.7,1.3,1.1,3.3,1.9,3.8,24.8,,125,106,1
Coby White\whiteco01,PG,20,69,54,2156,8.4,20.3,3.7,10.2,4.8,10.1,2.9,3.2,0.6,5.8,7.4,0.9,0.3,3.5,4,23.4,,106,115,0
Cody Martin\martico01,SF,25,52,10,849,4.8,10.8,0.9,3.3,3.9,7.5,1.4,2.5,3,6.3,4.9,2.1,0.7,2.3,3,11.9,,107,113,0
Cody Zeller\zelleco01,C,28,48,21,1005,8.8,15.7,0.2,1.4,8.6,14.4,4.1,5.8,5.8,10.2,4.2,1.3,0.8,2.5,5.9,21.9,,123,112,0
Cole Anthony\anthoco01,PG,20,47,34,1273,8.4,21.1,2.2,6.6,6.2,14.5,4.2,5,1.5,7,7.3,1.1,0.7,4.1,3.7,23.1,,98,116,0
Collin Sexton\sextoco01,SG,22,60,60,2115,12.2,25.8,2.3,6.2,10,19.6,7.3,8.9,1.4,3,6.1,1.4,0.2,3.9,3.7,34,,111,118,1
Cory Joseph\josepco01,PG,29,63,13,1446,6.7,14.2,1.5,4.4,5.2,9.8,2.4,2.9,1.2,4.1,7.1,2,0.6,2.6,4.6,17.3,,112,116,0
Cristiano Felício\feliccr01,C,28,18,0,84,4,7.5,0,1.2,4,6.3,5.2,9.2,5.8,9.2,5.2,2.3,0,2.3,5.8,13.3,,125,110,0
D.J. Augustin\augusdj01,PG,33,57,12,1129,5.6,14.3,3.5,9.1,2.2,5.3,3.5,3.9,0.8,3.1,7.8,1.2,0,2.7,2.3,18.3,,117,117,0
D.J. Wilson\wilsodj01,PF,24,35,1,433,7.4,18.3,3.3,9.5,4.1,8.8,1.9,2.7,2.2,10,2.5,1.2,1.7,2.4,4.8,20,,100,112,0
D'Angelo Russell\russeda01,PG,24,42,26,1196,11.1,25.7,4.7,12.2,6.4,13.5,4.5,5.9,0.6,3.8,9.6,1.8,0.7,4.4,2.7,31.4,,108,117,1
Dakota Mathias\mathida01,SG,25,8,2,123,7.4,18.8,3.1,10.2,4.3,8.6,0.8,2.4,0.4,2.4,5.1,0.4,1.2,0.4,2.7,18.8,,107,114,0
Damian Jones\jonesda03,C,25,39,10,547,6.2,9.1,0.1,0.4,6.1,8.7,3.7,5.1,3.2,7.5,2.6,1,2.6,2.3,6.8,16.2,,129,113,0
Damian Lillard\lillada01,PG,30,67,67,2398,12.2,27.1,5.6,14.3,6.7,12.8,9.1,9.8,0.7,5.1,10.3,1.3,0.3,4.1,2.1,39.2,,125,118,1
Damion Lee\leeda03,SG,28,57,1,1079,5.6,11.9,3.4,8.4,2.2,3.5,1.7,1.9,1,6.9,3.2,1.7,0.3,1.3,3.9,16.2,,121,111,0
Damyean Dotson\dotsoda01,SG,26,46,7,907,6.5,15.9,2.5,8.6,4,7.3,1.3,2,0.3,4.8,4.9,0.9,0.2,2.3,2.3,16.7,,99,118,0
Daniel Gafford\gaffoda01,PF-C,22,54,11,791,9.2,13.4,0,0,9.2,13.4,4.3,6.4,5.6,8.2,1.7,1.6,4.5,2.4,5.9,22.7,,131,107,0
Daniel Oturu\oturuda01,C,21,30,0,161,6.8,16,0.3,1.5,6.5,14.5,2.8,3.7,6.5,8.3,3.1,1.2,2.2,2.8,7.4,16.6,,106,109,0
Daniel Theis\theisda01,C,28,65,51,1601,7.7,14.2,1.5,4.6,6.2,9.6,2.3,3.3,2.8,8,3.3,1.2,1.7,2,5.1,19.1,,120,111,0
Danilo Gallinari\gallida01,PF,32,51,4,1222,8.3,19.1,4.1,10.2,4.1,8.9,6.5,7,0.7,7.8,3.1,1.2,0.4,1.7,4.2,27.2,,123,114,1
Danny Green\greenda02,SF,33,69,69,1934,5.6,13.6,4.4,10.8,1.2,2.8,0.8,1,1.4,5.1,2.9,2.3,1.4,1.7,3.1,16.3,,114,108,1
Dante Exum\exumda01,SG,25,6,3,116,4.3,11.1,0.9,4.7,3.4,6.4,0.4,0.9,0.9,6.4,5.5,1.7,0.9,3,3.8,9.8,,87,114,0
Danuel House\houseda01,SF,27,36,23,932,5.6,13.8,2.7,7.9,2.8,5.9,2.1,3.2,0.9,5.8,3.5,1,0.8,1.8,3.4,16,,104,117,0
DaQuan Jeffries\jeffrda01,SG,23,31,5,493,4.8,11.6,1.9,6.5,2.9,5.1,0.7,0.8,1.8,5,2.1,1.4,1,1.4,4.6,12.3,,104,117,0
Dario Šarić\saricda01,C,26,50,4,871,8.7,19.4,2.7,7.7,6,11.7,4.8,5.6,2.6,8.2,3.7,1.7,0.2,3.2,5.4,24.8,,109,111,0
Darius Bazley\bazleda01,PF,20,55,55,1714,7.6,19.1,2.3,7.9,5.3,11.2,3.5,4.9,1.4,9.6,2.7,0.8,0.7,3.4,1.7,20.9,,93,114,0
Darius Garland\garlada01,PG,21,54,50,1790,10,22.1,2.9,7.3,7.1,14.8,3.1,3.6,0.6,2.9,9.1,1.8,0.2,4.5,3,25.9,,105,117,1
Darius Miller\milleda01,SF,30,18,0,197,5.3,11.6,4.1,10.1,1.2,1.4,2.9,2.9,0.5,5.3,5.1,3.1,1.2,1.9,3.1,17.6,,130,111,0
David Nwaba\nwabada01,SF,28,30,9,679,7.4,15.2,1.2,4.4,6.2,10.8,3.3,4.7,2.8,5.4,2.2,2.1,1.5,1.2,4.2,19.2,,115,114,0
Dāvis Bertāns\bertada01,PF,28,57,7,1464,6.1,15.1,5.3,13.5,0.8,1.6,3.1,3.6,0.6,4.7,1.5,1,0.4,1,4.3,20.6,,120,116,0
De'Aaron Fox\foxde01,PG,23,58,58,2036,12.5,26.2,2.4,7.5,10,18.6,7.1,9.8,0.8,4,9.8,2.1,0.6,4.1,4,34.4,,113,118,1
De'Andre Hunter\huntede01,SF,23,23,19,678,8.7,18,2.2,6.9,6.5,11.1,5.3,6.2,1.2,6.7,3.2,1.4,0.9,2.1,4.3,25,,119,114,0
De'Anthony Melton\meltode01,PG,22,52,1,1045,7.9,18,4,9.7,3.9,8.3,1.9,2.3,1.4,6,6,2.7,1.4,3,3.9,21.6,,110,109,0
Dean Wade\wadede01,PF,24,63,19,1212,5.5,12.7,3.2,8.7,2.3,4,1.2,1.6,1.5,7.2,3,1.4,0.9,1.2,3.2,15.3,,116,115,0
Deandre Ayton\aytonde01,C,22,69,69,2115,10,16,0.1,0.5,9.9,15.6,3.1,4,5.3,11.6,2.3,1,1.9,2.4,4.6,23.3,,127,109,1
DeAndre Jordan\jordade01,C,32,57,43,1246,7.4,9.6,0,0,7.4,9.6,1.8,3.6,4.5,12,3.6,0.7,2.5,3.3,4.5,16.5,,127,111,0
DeAndre' Bembry\bembrde01,SF,26,51,12,972,5.8,11.4,0.7,2.6,5.1,8.7,2.2,3.3,1.6,5.6,5.3,2.6,0.9,3.5,4.3,14.6,,104,111,0
Deividas Sirvydis\sirvyde01,SG,20,20,0,133,5.2,14.8,3.7,10.3,1.5,4.4,1.1,2.2,0,10.7,1.8,0.7,0,1.8,3.3,15.1,,90,114,0
Dejounte Murray\murrade01,PG,24,67,67,2139,10,22.1,1.4,4.5,8.6,17.6,2.4,3,1.3,9.4,8.2,2.3,0.2,2.7,3.1,23.8,,106,111,0
Delon Wright\wrighde01,SG-PG,28,63,39,1748,6.7,14.4,1.8,4.8,4.9,9.6,2.8,3.5,1.8,5.7,7.7,2.8,0.8,2.3,2.1,17.9,,118,113,0
DeMar DeRozan\derozde01,PF,31,61,61,2056,10.7,21.7,0.4,1.7,10.3,20,9.1,10.4,0.9,5.2,10,1.3,0.4,2.8,3,31.1,,122,115,1
DeMarcus Cousins\couside01,C,30,41,11,713,8.7,20.5,3.2,9.1,5.6,11.4,4,5.4,3.6,14.1,5.1,2.3,1.6,4.3,7.2,24.6,,103,107,0
Deni Avdija\avdijde01,SF,20,54,32,1257,4.8,11.4,1.9,6.2,2.8,5.3,1.1,1.7,0.8,8.8,2.3,1.2,0.6,1.2,5.1,12.5,,103,113,0
Dennis Schröder\schrode01,SG,27,61,61,1956,8.3,18.9,1.8,5.3,6.5,13.6,5.1,6,0.7,4.5,8.7,1.7,0.3,4.1,4,23.4,,107,109,1
Dennis Smith Jr.\smithde03,PG,23,23,9,420,6.8,17,2.2,6.8,4.6,10.2,2.2,3,1.4,5,9,2.7,1.6,3,4.3,18,,105,110,0
Denzel Valentine\valende01,SG,27,62,3,1036,7.3,19.5,3.7,11.3,3.5,8.1,0.7,0.8,1.1,8.1,4.9,1.4,0.3,2,3.3,19,,100,112,0
Derrick Favors\favorde01,C,29,68,0,1039,7.3,11.4,0,0.1,7.3,11.3,2.8,3.8,6.5,11.2,2.1,1.5,3.2,1.7,6.7,17.3,,138,103,0
Derrick Jones Jr.\jonesde02,SF,23,58,43,1318,5.4,11.3,1.6,5,3.8,6.2,2.2,3.4,2.8,4.7,1.7,1.4,2,1.2,4.7,14.7,,121,116,0
Derrick Rose\rosede01,PG,32,50,3,1279,11.2,23.8,1.9,5,9.2,18.8,4.3,4.9,0.8,4.3,8.1,1.9,0.7,3,2.2,28.6,,112,111,1
Derrick White\whitede01,SG,26,36,32,1064,8.5,20.7,3.8,11.1,4.7,9.6,4.4,5.2,0.6,4.3,5.8,1.2,1.6,2.1,4.2,25.2,,111,114,0
Desmond Bane\banede01,SG,22,68,17,1519,7.4,15.7,3.7,8.5,3.7,7.2,1.3,1.5,1,5.6,3.7,1.3,0.5,1.9,3.9,19.7,,115,114,0
Devin Booker\bookede01,SG,24,67,67,2270,13.5,28,2.7,8.1,10.8,19.9,7.4,8.5,0.7,5.4,6.3,1.2,0.3,4.5,3.9,37.2,,110,114,1
Devin Cannady\cannade01,PG,24,8,0,74,7.2,18.4,3.9,10.5,3.3,7.9,3.9,4.6,0,3.3,0.7,3.3,0.7,1.3,5.9,22.4,,105,113,0
Devin Vassell\vassede01,SF,20,62,7,1056,5.7,13.9,2.4,6.9,3.3,7,2,2.3,1.1,6.9,2.6,2,0.8,1,4,15.7,,108,112,0
Devon Dotson\dotsode01,PG,21,11,0,50,10.7,20.4,1,6.8,9.7,13.6,0,0,1.9,2.9,6.8,3.9,0,0,2.9,22.3,,126,110,0
Devontae Cacok\cacokde01,PF,24,20,1,98,8.4,14.4,0,0,8.4,14.4,2.5,5.5,6,9.9,0.5,2.5,2,2.5,4,19.4,,111,102,0
Devonte' Graham\grahade01,PG,25,55,44,1659,7.4,19.7,5.3,14,2.1,5.7,3.9,4.7,0.6,3.7,8.7,1.4,0.2,2.5,2.3,24,,115,116,1
Dewayne Dedmon\dedmode01,C,31,16,0,210,10.9,15.4,0.2,1.2,10.6,14.2,4.7,6.4,6.6,13.7,2.8,2.1,1.4,3.1,8.5,26.7,,135,105,0
Didi Louzada\louzama01,SF,21,3,0,56,2.6,11.1,1.7,6.9,0.9,4.3,0,0,0.9,1.7,2.6,1.7,0,2.6,4.3,6.9,,66,117,0
Dillon Brooks\brookdi01,SF,25,67,67,1997,10.3,24.7,3.1,8.9,7.3,15.8,3.8,4.7,1.3,3.4,3.8,1.9,0.6,2.8,5.7,27.6,,102,113,1
Domantas Sabonis\sabondo01,PF,24,62,62,2231,10.3,19.2,1.1,3.4,9.2,15.7,5.1,6.9,3.2,12.5,8.8,1.6,0.7,4.5,4.3,26.7,,115,110,1
Donovan Mitchell\mitchdo01,PG,24,53,53,1771,13.1,30,4.9,12.7,8.3,17.3,7.3,8.7,1.4,5.1,7.6,1.4,0.4,4,3.2,38.5,,115,110,1
Donta Hall\halldo01,PF,23,13,0,179,6.8,9.5,0,0,6.8,9.5,6.3,9.2,6.5,10.3,3,1.4,2.7,2.2,4.9,19.8,,142,110,0
Donte DiVincenzo\divindo01,SG,24,66,66,1814,6.5,15.6,3.4,9,3.2,6.7,1.3,1.8,2.1,7.7,5.3,1.9,0.4,2.4,2.9,17.8,,112,112,1
Dorian Finney-Smith\finnedo01,PF,27,60,60,1921,5.6,12,3.1,7.8,2.6,4.2,0.8,1.1,2.5,5.9,2.6,1.3,0.6,1.2,3.5,15.1,,124,114,0
Doug McDermott\mcderdo01,PF,29,66,29,1619,10.3,19.4,3.2,8.3,7.1,11.1,2.3,2.9,1.8,4.7,2.5,0.6,0.2,1.5,3.4,26.2,,121,118,0
Draymond Green\greendr01,PF,30,63,63,1982,4,9,0.8,3,3.2,6,1.7,2.1,1.3,9.3,13.2,2.5,1.2,4.5,4.6,10.5,,110,106,1
Drew Eubanks\eubandr01,C,23,54,3,755,7.5,13.2,0.1,0.1,7.3,13,4.9,6.8,4.8,10.7,2.7,1.2,3.1,2.9,5.7,20,,118,109,0
Duncan Robinson\robindu01,SF,26,72,72,2262,6.9,15.7,5.5,13.5,1.4,2.3,1.4,1.6,0.2,5.3,2.8,0.9,0.4,1.8,4,20.7,,113,114,1
Dwayne Bacon\bacondw01,SG,25,72,50,1853,7.7,19.1,1.5,5.4,6.1,13.6,3.8,4.6,0.8,5.1,2.4,1.2,0.1,1.2,2.7,20.7,,102,117,0
Dwight Howard\howardw01,C,35,69,6,1196,7.2,12.2,0.2,0.8,7,11.4,4.9,8.5,7.7,15.7,2.5,1.2,2.5,4.5,8.1,19.4,,113,102,0
Dwight Powell\poweldw01,C,29,58,19,966,6.1,9.9,0.3,1.1,5.9,8.8,5,6.3,4.1,7.9,3.2,1.8,1.5,2,6.9,17.5,,136,110,0
Dylan Windler\windldy01,SF,24,31,0,513,5.5,12.5,2.5,7.4,3,5.1,2,2.6,1.9,8.4,3.2,1.8,1.2,3.1,3.6,15.5,,103,113,0
E'Twaun Moore\mooreet01,SG,31,27,1,389,7,15.4,1.4,4.4,5.6,10.9,1.5,1.8,1.8,3.9,5.1,1.9,0.6,2.9,4.1,16.9,,103,112,0
Ed Davis\davised01,C,31,23,7,299,3,7,0,0,3,7,1.6,1.9,7.3,10.9,3.3,2.1,2.1,1.1,8.8,7.6,,130,110,0
Edmond Sumner\sumneed01,SG,25,53,24,861,8.1,15.5,1.9,4.8,6.2,10.7,3.7,4.6,1,4.2,2.7,1.8,0.5,2.8,4.8,21.9,,112,115,0
Elfrid Payton\paytoel01,PG,26,63,63,1484,9.1,21,0.9,3.3,8.1,17.7,2.5,3.6,2.2,5.1,6.8,1.6,0.3,3.5,3.9,21.5,,99,110,0
Elijah Bryant\bryanel01,SG,25,1,0,32,8.8,19.1,1.5,7.3,7.3,11.7,4.4,4.4,2.9,5.9,4.4,0,1.5,5.9,5.9,23.5,,100,115,0
Elijah Hughes\hugheel01,SF,22,18,0,64,7.6,22.8,6.1,17.5,1.5,5.3,2.3,3,0.8,6.1,4.6,0.8,0.8,4.6,0.8,23.6,,93,111,0
Enes Kanter\kanteen01,C,28,72,35,1758,9.4,15.6,0,0.1,9.4,15.5,3.5,4.6,7.9,14.2,2.3,0.9,1.3,2.2,4.7,22.4,,133,113,0
Eric Bledsoe\bledser01,SG,31,71,70,2111,7,16.6,2.7,8.1,4.2,8.5,3,4.4,0.7,4.9,6.1,1.2,0.5,2.6,2.5,19.7,,108,116,1
Eric Gordon\gordoer01,SG,32,27,13,789,9.5,22,4.1,12.6,5.4,9.4,5.6,6.8,0.5,3,4.3,0.8,0.8,3.1,2.6,28.9,,108,119,0
Eric Paschall\pascher01,PF,24,40,2,695,10,20.1,1.2,3.6,8.8,16.5,4.5,6.4,1.9,6.8,3.4,0.8,0.5,2.9,4.6,25.7,,106,113,0
Ersan İlyasova\ilyaser01,PF,33,17,1,148,6.9,17.8,5.9,13.5,1,4.3,1.6,1.6,2.3,7.2,1.3,3.3,1,2.6,9.5,21.4,,109,104,0
Evan Fournier\fournev01,SF-SG,28,42,36,1259,9.6,20.9,4.5,11,5,10,4.2,5.3,0.4,4.6,5.6,1.8,0.7,2.8,3.7,27.8,,115,115,1
Facundo Campazzo\campafa01,PG,29,65,19,1425,4.2,10.9,2.6,7.5,1.5,3.4,2.8,3.2,0.8,3.9,8,2.7,0.5,2.5,4.6,13.7,,117,112,0
Frank Jackson\jacksfr01,PG,22,40,6,738,8.9,19.5,4.1,10,4.9,9.5,4.1,5,1,4.7,2.4,1,0.1,2.3,3.5,25.9,,112,116,0
Frank Kaminsky\kaminfr01,C,27,47,13,715,8.4,17.7,2.1,5.9,6.2,11.9,2.6,4.1,2.5,10.5,5.5,1,1.2,1.5,4.8,21.4,,117,110,0
Frank Mason III\masonfr01,PG,26,4,1,79,5.5,14.8,1.2,3.1,4.3,11.7,3.1,4.3,1.8,5.5,7.4,0,0,3.1,4.3,15.4,,98,120,0
Frank Ntilikina\ntilila01,PG,22,33,4,322,4.5,12.3,3.6,7.5,0.9,4.8,1.2,2.8,0.9,3.9,3,2.8,0.6,1.7,7,13.8,,102,108,0
Fred VanVleet\vanvlfr01,SG,26,52,52,1899,8.6,22.2,4.4,12.1,4.2,10,4.3,4.9,0.8,4.8,8.4,2.2,0.9,2.4,3,26,,113,113,1
Freddie Gillespie\gillefr01,PF,23,20,2,392,5.4,10.4,0,0,5.4,10.4,2.8,4.1,5.2,6.8,1.1,1.6,2.5,1.5,5.3,13.7,,120,111,0
Furkan Korkmaz\korkmfu01,SG,23,55,11,1062,7.7,19.3,4.6,12.2,3.1,7,2.7,3.7,0.8,4.4,3.7,2.2,0.4,2.1,2.9,22.8,,108,109,0
Gabe Vincent\vincega01,PG,24,50,7,655,6.7,17.7,3.5,11.3,3.2,6.4,1.5,1.7,0.8,3.5,5.1,1.6,0.2,2.6,6,18.4,,98,114,0
Gabriel Deck\deckga01,PF,25,10,0,212,7.2,15,0.4,3.4,6.7,11.7,4,4.9,3.6,5.4,5.4,1.8,0,1.3,2,18.8,,121,115,0
Garrett Temple\templga01,SG,34,56,25,1528,5,12.1,2.1,6.3,2.9,5.7,1.3,1.6,0.9,4.2,3.9,1.4,1,1.8,4,13.4,,105,113,0
Garrison Mathews\mathega01,SG,24,64,24,1038,4.3,10.5,3.4,8.8,0.9,1.7,3.7,4.2,0.7,3.2,1.2,1.3,0.3,0.4,4.7,15.7,,130,116,0
Gary Clark\clarkga01,SF-PF,26,39,11,654,3,9.8,2.3,8,0.7,1.8,0.6,0.7,2.5,6.1,2.3,1,0.5,1.3,2.6,8.9,,97,117,0
Gary Harris\harriga01,SG,26,39,38,1080,6.3,15.7,2.2,6.4,4.1,9.3,2.9,3.5,1,2.6,3.5,1.3,0.5,1.7,3.2,17.6,,105,117,0
Gary Payton II\paytoga02,PG,28,10,0,40,11.7,15.3,2.3,4.7,9.4,10.6,3.5,4.7,2.3,10.6,1.2,7,1.2,1.2,9.4,29.4,,152,95,0
Gary Trent Jr.\trentga02,SG,22,58,38,1802,8.6,21.2,4.5,11.6,4.2,9.6,2.2,2.9,0.7,3.4,2.2,1.5,0.3,1.2,2.5,24,,108,118,1
George Hill\hillge01,PG,34,30,17,672,6.8,14,2.2,5.7,4.6,8.3,2.8,3.6,1.1,3.2,5.2,1.6,0.4,2.2,2.2,18.6,,117,114,0
Georges Niang\niangge01,PF,27,72,10,1154,7.5,17.1,5.2,12.3,2.2,4.8,0.9,1,1.2,6.2,2.5,1.1,0.3,2.2,4.9,21.1,,114,111,0
Giannis Antetokounmpo\antetgi01,PF,26,61,61,2013,14.6,25.7,1.6,5.2,13,20.5,9.3,13.6,2.3,13.4,8.3,1.7,1.7,4.8,3.9,40.1,,122,107,1
Glenn Robinson III\robingl02,SF,27,23,2,369,5.5,12.9,2.1,5.7,3.4,7.2,2.7,3,1.4,4.4,2.6,0.5,0.4,1.4,3,15.7,,112,122,0
Goga Bitadze\bitadgo01,C,21,45,3,561,7,16.3,1.7,6.7,5.3,9.7,3.8,5.1,5.1,7.6,3.1,0.8,5.1,1.4,7.9,19.5,,116,109,0
Goran Dragić\dragigo01,PG,34,50,11,1337,8.9,20.6,3.4,9.1,5.5,11.6,3.8,4.5,0.9,5.4,8.1,1.2,0.3,4.4,4.2,25,,104,114,1
Gordon Hayward\haywago01,SF,30,44,44,1496,10.2,21.5,2.8,6.7,7.4,14.8,5.1,6,1.2,7.2,5.9,1.7,0.5,3,2.4,28.2,,114,113,1
Gorgui Dieng\dienggo01,C,31,38,1,552,7.4,14.2,2.6,6.1,4.8,8.1,5,5.8,3.5,8.7,4.2,2.3,1.4,2.8,4.9,22.5,,127,109,0
Grant Riller\rillegr01,PG,23,7,0,27,14.5,21.7,3.6,7.2,10.9,14.5,0,0,0,1.8,5.4,1.8,0,1.8,0,32.6,,134,117,0
Grant Williams\willigr01,PF,22,63,9,1138,4.6,10.6,2.1,5.5,2.6,5.1,1.3,2.2,2.1,5.6,2.7,1.4,1,2.4,6.9,12.6,,105,114,0
Grayson Allen\allengr01,SG,25,50,38,1259,6.6,15.7,4.1,10.4,2.5,5.3,3,3.5,0.7,5.4,4.1,1.7,0.3,1.8,2.7,20.2,,116,113,0
Greg Whittington\whittgr01,PF,27,4,0,12,0,12.4,0,8.2,0,4.1,0,0,0,0,0,0,0,0,0,0,,0,121,0
Hamidou Diallo\diallha01,SG-SF,22,52,9,1226,8.8,18.4,1.1,3.2,7.7,15.2,5,7.8,2.3,8.4,4,1.6,0.9,3,5.3,23.7,,106,112,0
Harrison Barnes\barneha02,PF,28,58,58,2102,7.3,14.7,2.3,5.8,5,8.8,4.5,5.4,1.5,7.3,4.6,1,0.3,2.1,1.7,21.3,,123,119,1
Harry Giles\gilesha01,C,22,38,0,348,5.9,13.6,1.1,3.2,4.8,10.4,2.2,3.8,4.3,14.3,4.1,1.1,1.8,2.8,7.6,15.1,,106,111,0
Hassan Whiteside\whiteha01,C,31,36,4,546,11.1,19.7,0,0.1,11.1,19.6,3.6,6.9,5.4,13.5,1.8,0.8,4,3.5,6.4,25.8,,107,111,0
Henry Ellenson\ellenhe01,PF,24,2,0,38,6.4,17.8,2.5,11.5,3.8,6.4,3.8,5.1,3.8,11.5,6.4,0,0,0,8.9,19.1,,121,115,0
Ignas Brazdeikis\brazdig01,SF,22,13,0,249,6.8,16.2,2.2,5.5,4.7,10.8,2,2.7,2.2,6.6,3.3,0.8,0.6,2.3,4.3,17.8,,101,116,0
Iman Shumpert\shumpim01,SG,30,2,0,11,4.4,17.5,0,13.2,4.4,4.4,0,0,4.4,0,0,4.4,0,4.4,0,8.8,,56,113,0
Immanuel Quickley\quickim01,PG,21,64,3,1243,9.2,23.3,4.7,12.2,4.5,11.1,6.2,7,1,4.5,5.1,1.2,0.5,2.3,4.6,29.4,,113,111,0
Isaac Bonga\bongais01,SF,21,40,8,432,3.2,8.6,1.4,5,1.8,3.6,0.5,0.9,1.9,5.1,2.5,1.2,1,2.3,6.7,8.3,,90,114,0
Isaac Okoro\okorois01,SG,20,67,67,2173,5.3,12.7,1.4,4.9,3.9,7.8,2.6,3.6,1.5,3.1,2.9,1.4,0.5,2,4.2,14.7,,103,117,0
Isaiah Hartenstein\harteis01,C,22,46,2,559,8.3,15.1,0.2,0.5,8.1,14.6,4.1,6.3,5.7,10.2,4.9,1.7,3.4,3.9,9.2,20.8,,114,108,0
Isaiah Joe\joeis01,SG,21,41,1,383,6,16.7,4.9,13.3,1.1,3.4,2.3,3,0.8,3.8,2.5,1.5,0.5,1.4,4.3,19.3,,108,111,0
Isaiah Roby\robyis01,PF,22,61,34,1425,6.9,14.3,1.1,3.6,5.8,10.7,2.9,3.9,3,8.4,3.6,1.7,1.2,3.8,5.4,17.8,,102,112,0
Isaiah Stewart\stewais01,C,19,68,14,1455,7.6,13.8,0.7,2.1,6.9,11.7,2.2,3.1,5.4,9.9,2,1.3,2.9,2.3,6.2,18.1,,118,109,0
Isaiah Thomas\thomais02,PG,31,3,0,48,9,27,3,12,6,15,2,2,1,3,5,1,0,6,3,23,,79,118,0
Ish Smith\smithis01,PG,32,44,1,924,6.4,14.8,0.9,2.4,5.5,12.4,0.9,1.6,1.1,6.4,8.6,1.6,0.6,2,3.1,14.7,,106,113,0
Ivica Zubac\zubaciv01,C,23,72,33,1609,7.9,12.1,0,0.1,7.9,12,4.2,5.3,5.8,10.2,2.8,0.7,1.9,2.5,5.8,20,,135,110,0
J.J. Redick\redicjj01,SG,36,44,0,723,7.1,17.8,4.4,11.9,2.7,5.9,3.3,3.5,0.3,4,3.4,0.7,0.2,2.4,3.3,21.8,,109,118,1
Ja Morant\moranja01,PG,21,63,63,2053,10,22.3,1.7,5.6,8.3,16.7,6.3,8.7,1.4,4.5,10.8,1.3,0.3,4.7,2,28,,108,115,1
Jabari Parker\parkeja01,PF,25,13,0,165,8.9,16.2,0.6,3.2,8.3,13,3,3.8,3,9.4,3.2,0.3,1.5,3,3.8,21.3,,113,114,0
Jaden McDaniels\mcdanja02,PF,20,63,27,1511,5.1,11.5,2.3,6.2,2.9,5.3,0.8,1.4,1.6,5.6,2.2,1.1,1.9,1.5,5.4,13.3,,108,116,0
Jae Crowder\crowdja01,PF,30,60,42,1648,6,14.7,4.4,11.4,1.5,3.4,1.7,2.2,1,7.5,3.8,1.4,0.8,1.6,3.7,18.1,,113,111,1
Jae'Sean Tate\tateja01,SF,25,70,58,2043,7.3,14.5,1.4,4.5,5.9,10,2.4,3.4,3.1,5.6,4.1,2,0.8,2.3,5.1,18.4,,114,115,0
Jahlil Okafor\okafoja01,C,25,27,2,347,8.9,14.4,0.3,1.3,8.6,13.1,2.4,3.4,3.3,6.1,1.8,0.8,0.7,3,5.5,20.5,,114,115,0
Jahmi'us Ramsey\ramseja01,SG,19,13,0,94,7.7,19.4,2.6,9.7,5.1,9.7,2.6,2.6,1,4.1,3.1,2,0.5,1.5,4.1,20.4,,102,118,0
JaKarr Sampson\sampsja02,PF,27,29,4,316,8.4,16.9,0.4,2.2,7.9,14.7,2.8,4.3,4,7.5,0.6,0.3,2.1,2.2,7.8,20,,104,114,0
Jake Layman\laymaja01,SF,26,45,11,627,6.9,13.9,1.7,5.9,5.1,8,2,2.8,1,4.1,2.1,2.2,1.4,2,3.3,17.4,,107,115,0
Jakob Poeltl\poeltja01,C,25,69,51,1845,7,11.3,0,0,7,11.3,1.7,3.3,5.8,8.6,3.5,1.2,3.2,2.2,4.5,15.6,,123,109,0
Jalen Brunson\brunsja01,PG,24,68,12,1697,9.5,18.2,2.4,5.8,7.2,12.4,3.5,4.4,0.8,5.9,6.9,1,0,2.3,3.2,24.9,,123,116,0
Jalen Harris\harrija01,SG,22,13,2,172,10.1,20.3,4.8,10.1,5.3,10.1,2,2.5,0.8,4.2,4.8,2.3,0,3.9,4.2,27,,110,114,0
Jalen Lecque\lecquja01,PG,20,4,0,12,3.9,35.5,0,3.9,3.9,31.5,11.8,11.8,7.9,11.8,7.9,0,0,0,0,19.7,,77,115,0
Jalen McDaniels\mcdanja01,SF,23,47,18,904,7.2,15.3,1.9,5.7,5.3,9.7,2.4,3.5,2.4,6.7,2.9,1.5,1,2.4,5.1,18.7,,107,113,0
Jalen Smith\smithja04,PF,20,27,1,156,7,15.8,1.3,5.4,5.7,10.4,1.6,2.2,2.2,9.5,1.3,0.3,1.6,2.2,5.1,16.8,,96,112,0
Jamal Murray\murraja01,PG,23,48,48,1704,11,23,3.7,9.2,7.2,13.8,3.9,4.4,1.1,4.6,6.7,1.9,0.4,3.1,2.8,29.5,,116,114,1
James Ennis\ennisja01,SF,30,41,37,986,5.7,12,2.2,5.1,3.5,6.9,3.5,4.3,2.1,6.1,3.1,1.6,0.3,1.8,4.1,17,,120,115,0
James Harden\hardeja01,PG-SG,31,44,43,1609,10.2,21.9,3.6,10,6.6,12,8.3,9.6,1,9.4,14.2,1.6,1,5.3,3,32.4,,122,112,1
James Johnson\johnsja01,PF,33,51,12,1043,6.8,15.2,1.4,5.6,5.4,9.6,2.1,3.5,1.5,6.8,4.6,2,2,2.6,5.6,17.1,,103,111,0
James Nunnally\nunnaja01,SF,30,9,0,48,5,13,4,12,1,1,1,2,2,7,3,0,0,2,1,15,,108,119,0
James Wiseman\wisemja01,C,19,39,27,836,10.7,20.7,0.7,2.1,10.1,18.5,3,4.8,3.1,9.6,1.5,0.6,2,3.4,6.8,25.2,,100,109,0
JaMychal Green\greenja01,PF,30,58,5,1120,7.6,16.5,3.5,8.7,4.1,7.8,2,2.5,3.8,8.5,2.3,1.1,1,2.3,6.4,20.8,,116,112,0
Jared Dudley\dudleja01,PF,35,12,0,81,1.2,5.4,1.2,3.6,0,1.8,0,0,2.4,10.2,3,0.6,0.6,1.2,4.2,3.6,,94,108,0
Jared Harper\harpeja01,PG,23,8,0,16,0,12.5,0,3.1,0,9.4,9.4,12.5,0,6.3,3.1,0,0,9.4,3.1,9.4,,43,114,0
Jaren Jackson Jr.\jacksja02,C,21,11,4,258,9.8,23.2,3.2,11.1,6.7,12,6.5,7.8,3.2,8.3,2.2,2.2,3.3,2.8,7.8,29.3,,109,106,1
Jarred Vanderbilt\vandeja01,PF,21,64,30,1139,5.9,9.8,0,0.2,5.9,9.6,2.4,4.2,4.9,10.4,3.2,2.7,1.9,2.2,5.1,14.3,,122,110,0
Jarrell Brantley\brantja01,PF,24,28,0,138,8.8,18.4,4.2,9.9,4.6,8.5,0.7,0.7,3.2,6.4,5.3,2.5,0.7,2.8,6,22.6,,120,107,0
Jarrett Allen\allenja01,C,22,63,45,1864,7.9,12.7,0.2,0.5,7.7,12.2,5.4,7.6,5.2,11.5,2.8,0.8,2.4,2.6,2.5,21.2,,127,112,1
Jarrett Culver\culveja01,SG,21,34,7,499,6.5,15.9,1.2,5,5.3,10.9,2.7,4.5,3.2,6.6,2.3,1.6,0.9,2.7,5.5,17,,96,115,0
JaVale McGee\mcgeeja01,C,33,46,2,678,10.5,20.5,0.4,1.7,10.1,18.8,3.2,4.9,5.6,11.8,2.8,1.4,3.9,4.4,8.8,24.5,,102,107,0
Javonte Green\greenja02,SG-PG,27,41,2,473,5.5,10.5,1,3.1,4.4,7.4,3.1,4.1,2.7,4.6,1.8,2.9,0.6,2,4.6,15,,118,111,0
Jaxson Hayes\hayesja02,C,20,60,3,964,8.7,13.9,0.3,0.7,8.4,13.2,4.6,6,4.6,8.2,1.7,1.2,1.9,1.9,5,22.3,,132,112,0
Jay Scrubb\scrubja01,SG,20,4,1,84,8.3,21.2,1.2,5.3,7.1,15.9,2.9,2.9,1.2,7.1,0.6,2.4,0,4.1,2.9,20.6,,82,111,0
Jaylen Adams\adamsja01,PG,24,7,0,18,2.6,20.9,0,5.2,2.6,15.7,0,0,0,7.8,5.2,0,0,0,2.6,5.2,,45,116,0
Jaylen Brown\brownja02,SG,24,58,58,1999,13.1,27.2,4,10,9.2,17.1,4.7,6.1,1.7,6.7,4.8,1.8,0.8,3.9,4.1,34.9,,112,113,1
Jaylen Hoard\hoardja01,SF,21,19,0,320,6.5,13.1,0,1.6,6.5,11.4,4.2,6.1,3.1,6.5,3.6,1.9,0.7,2.5,2.8,17.2,,109,113,0
Jaylen Nowell\nowelja01,SG,21,42,0,759,8.8,20.8,3.1,9.3,5.7,11.5,2.8,3.4,1.2,4.7,3.9,1.4,0.7,1.7,4.5,23.6,,107,117,0
Jayson Tatum\tatumja01,SF,22,64,64,2290,12.9,28.1,4,10.3,8.9,17.8,6.3,7.3,1.1,9,5.9,1.6,0.7,3.6,2.6,36.1,,114,112,1
Jeff Green\greenje02,C,34,68,38,1835,6.9,13.9,2.7,6.6,4.2,7.4,3.3,4.2,0.9,6,2.8,0.9,0.7,1.4,3.2,19.7,,122,116,0
Jeff Teague\teaguje01,PG,32,55,7,950,6.2,14.4,1.8,4.2,4.4,10.2,4.5,5.3,0.8,3.7,6.7,1.7,0.6,3.2,2.8,18.8,,111,114,0
Jerami Grant\grantje01,SF,26,54,54,1829,10.7,25,3.1,8.8,7.6,16.2,7.8,9.2,0.9,5.8,4.1,0.9,1.6,2.9,3.4,32.3,,109,114,1
Jeremiah Martin\martije02,PG,24,9,0,75,5.9,21.7,2,7.9,3.9,13.8,0.7,3.3,1.3,3.3,2.6,3.3,1.3,3.9,0.7,14.5,,63,112,0
Jeremy Lamb\lambje01,SG,28,36,8,765,7.4,17.1,3.2,7.9,4.2,9.1,4.4,4.6,1.5,6.5,3.3,2.1,1.4,1.4,4.4,22.4,,119,111,0
Jerome Robinson\robinje01,SG,23,17,6,305,4.2,14.4,1.7,6.3,2.6,8,2.4,3,0.6,5.1,3.8,1.8,0.9,2.9,4.7,12.5,,81,113,0
Jevon Carter\carteje01,PG,25,60,1,717,6.5,15.4,3.9,10.4,2.6,5,0.3,0.5,1.1,5.2,4.9,2,0.6,1.1,3.9,17.1,,115,111,0
Jimmy Butler\butleji01,SF,31,52,52,1745,10.4,21,0.7,2.9,9.7,18,10.2,11.8,2.7,7.5,10.5,3.1,0.5,3.1,2,31.8,,127,108,1
Joe Harris\harrijo01,SF,29,69,65,2141,8,15.9,4.8,10,3.3,5.9,1.1,1.4,1,4.6,2.9,1,0.3,1.4,3.2,21.9,,126,117,1
Joe Ingles\inglejo01,SF,33,67,30,1867,7.2,14.7,4.8,10.6,2.4,4.1,2,2.3,0.7,5.7,8.3,1.2,0.3,3.1,3.1,21.1,,129,111,1
Joel Embiid\embiijo01,C,26,51,51,1585,14,27.4,1.8,4.7,12.3,22.7,14.3,16.7,3.4,13,4.4,1.5,2.1,4.8,3.7,44.1,,121,104,1
John Collins\collijo01,PF,23,63,63,1848,11.4,20.5,2.2,5.5,9.2,15,4.5,5.4,3.1,9.3,2.1,0.9,1.7,2.2,5.1,29.6,,125,112,1
John Konchar\konchjo01,SG,24,43,0,575,5.7,11.5,1.7,4.7,4,6.8,2.1,2.5,2.9,7.7,3.9,2.5,0.7,1.5,3.3,15.3,,125,109,0
John Wall\walljo01,PG,30,40,40,1288,10.8,26.7,2.9,9.1,7.9,17.5,5.8,7.8,0.6,4.1,10.1,1.5,1.1,5.2,1.7,30.2,,99,116,1
Jonas Valančiūnas\valanjo01,C,28,62,61,1755,12,20.2,0.6,1.6,11.4,18.7,4.3,5.5,6.9,14.2,3.1,1,1.6,2.7,4.9,28.8,,126,108,1
Jontay Porter\portejo01,PF,21,11,0,54,7.1,13.3,2.7,7.1,4.4,6.2,2.7,4.4,3.5,8.9,0.9,2.7,0.9,6.2,10.6,19.5,,93,108,0
Jordan Bell\belljo01,C,26,6,1,82,3.9,12.4,0,1.1,3.9,11.3,0.6,1.1,3.9,9.6,3.9,1.7,2.8,2.3,3.9,8.5,,83,108,0
Jordan Bone\bonejo01,PG,23,14,0,196,5.7,13.4,2.5,7.9,3.2,5.5,0,0,1,5,4.5,0.5,0,0.7,2.7,13.9,,113,119,0
Jordan Clarkson\clarkjo01,SG,28,68,1,1818,12.2,28.8,5.6,16,6.7,12.8,3.5,3.9,1.3,6.1,4.5,1.6,0.3,3.1,2.9,33.5,,109,110,1
Jordan McLaughlin\mclaujo01,PG,24,51,2,938,5,12.2,1.7,4.6,3.4,7.6,1.2,1.5,1.1,4.4,9.7,2.6,0.3,2.6,2.2,12.9,,110,115,0
Jordan Nwora\nworajo01,SF,22,30,2,274,10.6,23.1,4.8,10.6,5.8,12.5,3.3,4.3,1.5,8.7,1.2,2.7,1.2,4.1,3.8,29.3,,102,108,0
Jordan Poole\poolejo01,SG,21,51,7,988,9.7,22.5,4.6,13.1,5.1,9.4,5,5.7,0.7,3.7,4.7,1.2,0.4,2.4,4.1,29.1,,111,114,0
Josh Green\greenjo02,SG,20,39,5,445,4.7,10.3,0.4,2.8,4.2,7.5,1.4,2.5,3.1,5.5,3.1,1.8,0.3,1.9,3.9,11.2,,106,114,0
Josh Hall\halljo01,SF,20,21,1,336,4.2,14,0.6,5.2,3.7,8.8,3.1,6.2,0.8,7.5,4,0.6,0.1,3.5,5.2,12.2,,73,117,0
Josh Hart\hartjo01,SF,25,47,4,1349,5.4,12.2,2.2,6.9,3.1,5.4,2.5,3.2,1.9,11.5,3.9,1.4,0.4,1.7,3.9,15.4,,117,113,0
Josh Jackson\jacksjo02,SG,23,62,25,1560,9.3,22.2,2.4,8.1,6.9,14.2,5,6.9,1.8,6.2,4.5,1.7,1.5,4.5,5.6,26,,97,112,0
Josh Okogie\okogijo01,SG,22,59,37,1197,4,10,1.1,4.3,2.9,5.8,3.3,4.3,2.5,3.7,2.5,2.1,1.1,1.7,4.9,12.5,,109,116,0
Josh Richardson\richajo01,SG,27,59,56,1790,7.3,17,2.4,7.4,4.8,9.7,2.7,3,1.4,4,4.2,1.7,0.7,2.2,3.6,19.7,,109,114,0
Jrue Holiday\holidjr01,PG,30,59,56,1907,10.2,20.3,2.7,7,7.5,13.3,2.6,3.3,1.8,4.8,8.8,2.4,0.9,3.1,2.4,25.8,,121,111,1
Juan Hernangómez\hernaju01,PF,25,52,6,900,6.8,15.7,2.9,8.8,3.9,6.9,3.1,5.1,2.4,8.4,1.8,1,0.4,1.4,2.7,19.7,,111,117,0
Juan Toscano-Anderson\toscaju01,SG,27,53,16,1107,5.1,8.9,1.6,3.9,3.6,5,0.9,1.3,1.2,8.7,6.4,1.7,1.1,2.6,4.7,12.8,,121,109,0
Julius Randle\randlju01,PF,26,71,71,2667,11.3,24.8,3,7.3,8.3,17.5,6.5,8,1.6,12,8,1.2,0.3,4.5,4.2,32.1,,111,107,1
Justin Holiday\holidju01,SG,31,72,52,2183,5.6,13.5,3.7,9.8,1.8,3.7,1.5,1.8,0.7,4.9,2.6,1.6,0.9,1.2,2.9,16.4,,112,114,0
Justin Jackson\jacksju01,SF,25,34,3,577,7.3,18.2,3,9.6,4.4,8.6,2.6,3,1.3,5,4.3,1.2,0.2,2.6,2.6,20.2,,102,116,0
Justin James\jamesju01,SF,24,36,0,310,8.1,17.2,2.2,5.9,5.9,11.3,3.3,5.6,1.4,3.3,3.4,1.2,0.5,2.3,3.6,21.5,,106,121,0
Justin Patton\pattoju01,C,23,13,6,247,5.6,13.4,1.7,6.5,3.8,6.9,0.6,0.8,2.7,6.7,2.7,2.3,2.7,0.8,6.5,13.4,,108,111,0
Justin Robinson\robinju01,PG,23,9,0,88,3.8,11.3,2.2,7.6,1.6,3.8,1.6,2.7,0.5,3.2,4.9,1.6,0,1.1,5.4,11.3,,102,117,0
Justise Winslow\winslju01,SF,24,26,1,507,7,19.8,0.9,5.1,6,14.7,1.9,3.3,1.7,9.4,4.7,1.4,1.1,3.5,4.4,16.8,,82,110,0
Jusuf Nurkić\nurkiju01,C,26,37,37,880,9.5,18.5,0.7,1.7,8.8,16.8,3.9,6.3,4.8,13.6,6.9,2.1,2.2,4,5.7,23.5,,113,109,1
Juwan Morgan\morgaju01,PF,23,29,0,147,4.6,9.9,1.3,4.3,3.3,5.6,1,2.3,3,6.3,3,1.3,0.3,1.3,7,11.6,,116,110,0
Karim Mané\maneka01,PG,20,10,0,88,1.7,7.2,0.6,1.1,1.1,6.1,2.2,2.8,0.6,7.2,2.2,0,1.1,1.7,5.5,6.1,,77,117,0
Karl-Anthony Towns\townska01,C,25,50,50,1689,11.9,24.5,3.4,8.8,8.5,15.7,7.5,8.7,3.7,11.1,6.3,1.1,1.6,4.5,5.2,34.6,,117,113,1
Kawhi Leonard\leonaka01,SF,29,52,52,1773,13,25.4,2.8,7.1,10.2,18.3,7.3,8.2,1.5,7.9,7.5,2.3,0.6,2.9,2.3,36.1,,126,110,1
Keita Bates-Diop\bateske01,SF,25,30,0,245,5.9,13.3,1,3.4,5,9.9,2.8,4.2,1.8,7.9,2.4,2.2,1,1.4,2.2,15.6,,106,111,0
Kelan Martin\martike03,SF,25,35,0,322,9.1,20.3,3.5,8.8,5.6,11.4,1.3,1.5,2.6,8.8,2.5,1.5,1.5,2.3,5.1,23,,105,111,0
Keldon Johnson\johnske04,SF,21,69,67,1968,8.3,17.4,1.5,4.5,6.9,12.9,3.6,4.8,2.3,7.9,3,1,0.6,1.9,3.5,21.7,,111,114,0
Keljin Blevins\blevike01,SF,25,17,0,75,3.3,13,1.3,5.2,2,7.8,0,0,2,4.6,2.6,1.3,0,3.3,5.2,7.8,,66,119,0
Kelly Olynyk\olynyke01,C-PF,29,70,62,1997,8.2,17,3.1,9,5.1,8,3.5,4.3,2.1,9.8,4.9,1.9,1,3.1,5,23,,115,110,0
Kelly Oubre Jr.\oubreke01,SF,25,55,50,1687,8.9,20.2,2.5,7.9,6.3,12.2,3.4,4.9,2.3,6.9,2,1.6,1.2,1.9,3.4,23.6,,103,110,0
Kemba Walker\walkeke02,PG,30,43,43,1369,10.1,24.1,4.5,12.6,5.6,11.5,4.8,5.3,0.6,5.5,7.6,1.7,0.4,3.1,2.2,29.6,,114,114,1
Kendrick Nunn\nunnke01,PG,25,56,44,1650,9.6,19.8,3.7,9.6,5.9,10.2,1.7,1.8,0.6,4.8,4.5,1.6,0.4,2.4,3.3,24.6,,111,113,0
Kenrich Williams\willike04,PF,26,66,13,1426,7.3,13.7,1.7,3.9,5.6,9.8,1.2,2.1,2.8,6.3,5.1,1.8,0.6,2.5,4.8,17.5,,116,114,0
Kent Bazemore\bazemke01,SF,31,67,18,1333,6.2,13.8,2.6,6.5,3.6,7.3,1.9,2.7,0.9,7.2,3.8,2.4,1.2,2.9,5.6,16.9,,101,108,0
Kentavious Caldwell-Pope\caldwke01,SG,27,67,67,1902,5.6,12.9,3.1,7.5,2.5,5.4,2.5,2.9,0.7,3.9,3.2,1.6,0.7,1.7,2.9,16.7,,114,109,1
Kenyon Martin Jr.\martike04,SF,20,45,8,1068,7.2,14.1,1.6,4.3,5.6,9.8,2.7,3.7,3.2,7.5,2.1,1.3,1.8,1.7,3.9,18.6,,117,114,0
Kevin Durant\duranke01,PF,32,35,32,1157,13.5,25.1,3.5,7.9,10,17.3,8.8,9.9,0.5,9.8,8.1,1,1.9,5,2.9,39.3,,122,112,1
Kevin Huerter\huertke01,SG,22,69,49,2126,7.3,16.9,3.2,8.9,4.1,8,1.2,1.5,0.9,4.5,5.6,1.9,0.4,1.8,3.8,19,,112,115,0
Kevin Knox\knoxke01,SF,21,42,0,464,6,15.4,3.8,9.6,2.3,5.8,1.7,2.2,1.1,5.5,2,1.3,0.6,1.8,4,17.6,,104,110,0
Kevin Love\loveke01,PF,32,25,25,622,8.2,20,4.5,12.4,3.6,7.6,3.3,4,1.3,13.4,5,1.3,0.2,3,2.1,24.2,,108,113,1
Kevin Porter Jr.\porteke02,SG,20,26,23,835,8.8,20.8,2.8,9.1,6,11.7,3.9,5.3,1.1,4.5,9.3,1.1,0.5,5.2,3.5,24.4,,101,118,0
Kevon Looney\looneke01,C,24,61,34,1161,4.4,8,0.2,0.7,4.2,7.3,1.3,1.9,4.7,8.3,4.8,0.8,0.9,1.5,5.5,10.2,,130,111,0
Khem Birch\birchkh01,C,28,67,22,1529,6,12.1,0.4,1.7,5.6,10.4,2.9,4.1,5.5,6.8,2.8,1.5,1.6,1.4,3.6,15.3,,121,113,0
Khris Middleton\middlkh01,SF,29,68,68,2269,10.6,22.2,3.1,7.6,7.5,14.7,4.4,4.9,1.1,7.3,7.7,1.5,0.2,3.7,3.3,28.7,,116,113,1
Khyri Thomas\thomakh01,SG,24,5,2,153,9.9,20.4,2.8,8.4,7.1,12.1,2.8,2.8,2.2,3.4,7.7,2.8,1.9,1.9,2.5,25.4,,123,113,0
Killian Hayes\hayeski01,PG,19,26,18,670,5.2,14.7,1.5,5.3,3.7,9.4,1,1.2,0.4,4.6,10.1,2,0.7,6.1,4.2,12.9,,82,113,0
Killian Tillie\tilliki02,C,22,18,1,182,5,15,2.6,8.7,2.4,6.3,2.4,2.9,1.6,4.7,2.1,1.3,2.1,0.5,5.3,15,,104,112,0
Kira Lewis Jr.\lewiski01,PG,19,54,0,904,6.9,17.9,2.1,6.4,4.8,11.5,2.3,2.7,0.6,3.1,6.6,2,0.5,1.8,4.7,18.2,,106,115,0
Kostas Antetokounmpo\antetko01,PF,23,15,0,56,2.6,8.7,0,0,2.6,8.7,5.2,11.3,3.5,13,0.9,1.7,3.5,9.6,6.9,10.4,,56,100,0
Kris Dunn\dunnkr01,PG,26,4,0,45,1.1,13.1,0,2.2,1.1,10.9,3.3,4.4,0,6.6,2.2,2.2,2.2,3.3,10.9,5.5,,41,110,0
Kristaps Porziņģis\porzikr01,C,25,43,43,1327,12.1,25.4,3.6,9.6,8.5,15.8,4.4,5.1,3,11.1,2.5,0.7,2.2,1.9,4.3,32.1,,117,110,1
Kyle Anderson\anderky01,PF,27,69,69,1887,7.8,16.7,2.4,6.6,5.4,10.1,3.6,4.7,1.3,8.7,6.3,2.1,1.4,2.2,3,21.6,,118,109,0
Kyle Guy\guyky01,PG,23,31,0,235,5.9,18,2.7,9.4,3.3,8.6,3.3,4.1,1,6.1,6.5,1.2,0,2.2,4.1,17.8,,99,119,0
Kyle Kuzma\kuzmaky01,SF,25,68,32,1954,8.3,18.8,3.4,9.5,4.9,9.4,1.7,2.4,2.7,7.7,3.2,0.9,1,2.8,3,21.8,,105,109,0
Kyle Lowry\lowryky01,PG,34,46,46,1601,7.9,18,4,10,3.9,8,4.2,4.8,1.1,6.4,10.2,1.4,0.4,3.8,4.3,23.9,,117,115,1
Kyrie Irving\irvinky01,PG,28,54,54,1886,14,27.8,3.9,9.7,10.2,18.1,5.1,5.6,1.3,5.2,8.3,1.9,0.9,3.3,3.6,37.1,,121,114,1
KZ Okpala\okpalkz01,PF,21,37,9,447,4,10.7,1.3,5.6,2.7,5.1,0.9,1.7,2.3,5.2,2.1,1.1,1.2,1.7,6.6,10.2,,94,113,0
Lamar Stevens\stevela01,PF,23,40,0,499,6.1,13.4,0.4,2.5,5.7,11,3.7,5,2.4,7.1,2.5,1.7,1.3,2.3,5.2,16.3,,103,113,0
LaMarcus Aldridge\aldrila01,C,35,26,23,674,10.1,21.3,2.2,5.8,7.8,15.5,2.9,3.4,1.4,7.1,3.5,0.8,2.1,1.9,3.4,25.3,,109,113,0
LaMelo Ball\ballla01,PG,19,51,31,1469,9.7,22.3,3.1,8.7,6.7,13.7,4.2,5.5,2.1,7.9,10.4,2.7,0.6,4.8,4.5,26.7,,108,110,1
Landry Shamet\shamela01,SG,23,61,12,1403,6.4,15.7,4.4,11.4,2,4.2,2.3,2.7,0.4,3.5,3.4,1.1,0.3,1.7,3.2,19.5,,113,118,0
Langston Galloway\gallola01,SG,29,40,0,438,7.4,16.6,4.1,9.6,3.4,7,2.5,2.6,0.8,3.9,2.9,0.9,0,1.5,2.8,21.4,,118,115,0
Larry Nance Jr.\nancela02,PF,28,35,27,1091,5.8,12.3,1.9,5.2,3.9,7.1,1.4,2.2,2.4,8.2,4.8,2.8,0.8,2.5,3.3,14.8,,109,111,0
Lauri Markkanen\markkla01,PF,23,51,26,1317,9.2,19.2,4.4,10.9,4.8,8.3,2.8,3.4,1.3,8.6,1.7,1,0.6,1.9,2.8,25.6,,115,113,0
LeBron James\jamesle01,PG,36,45,45,1504,13.7,26.6,3.4,9.2,10.3,17.4,5.8,8.2,0.9,10.3,11.3,1.6,0.8,5.4,2.3,36.4,,114,106,1
Lonnie Walker\walkelo01,SG,22,60,38,1522,8.2,19.4,3.2,9,5,10.4,1.8,2.2,0.4,4.5,3.2,0.9,0.5,2.1,3.2,21.3,,100,116,0
Lonzo Ball\balllo01,PG,23,55,55,1747,8,19.2,4.7,12.5,3.2,6.7,1.4,1.8,0.9,6.3,8.7,2.3,0.9,3.4,2.8,22,,110,113,1
Lou Williams\willilo02,PG,34,66,4,1423,9.2,22.4,2.4,6,6.8,16.4,5.2,6,0.7,4.1,7.8,1.6,0.2,3.7,2.2,26,,106,114,0
Louis King\kinglo02,SF,21,6,1,85,9.6,19.2,2.3,6.2,7.3,13,3.4,3.4,2.8,7.3,5.1,4,1.7,2.3,5.1,24.8,,121,110,0
Luguentz Dort\dortlu01,SG,21,52,52,1543,7.6,19.7,3.5,10.1,4.1,9.6,3.8,5.1,1.2,4.7,2.7,1.4,0.6,2.4,4.1,22.5,,100,116,0
Luka Dončić\doncilu01,PG,21,66,66,2262,14.1,29.5,4.2,11.9,9.9,17.5,7.5,10.3,1.2,10.3,12.4,1.4,0.8,6.1,3.3,39.9,,114,111,1
Luka Šamanić\samanlu01,PF,21,33,4,308,7.4,16.5,1.9,6.8,5.5,9.8,2.5,4.6,2.5,8.2,2.4,1.3,1.3,3.2,6.8,19.2,,97,112,0
Luke Kennard\kennalu01,SG,24,63,17,1232,7.9,16.6,4,9,3.9,7.6,1,1.2,0.6,5.9,4.2,0.9,0.4,1.9,3.7,20.9,,117,114,0
Luke Kornet\kornelu01,C-PF,25,31,2,348,6.2,14.1,2.1,8.3,4.1,5.9,0.4,0.8,2,7.4,3.4,0.6,4.5,1,2.8,14.8,,112,110,0
Malachi Flynn\flynnma01,PG,22,47,14,928,6.6,17.7,2.8,8.8,3.8,9,2.3,2.9,0.5,5.5,7.1,2,0.4,2.2,3.5,18.4,,103,114,0
Malcolm Brogdon\brogdma01,PG,28,56,56,1930,10.9,24,3.6,9.2,7.3,14.8,3.7,4.3,1.4,5.8,8.1,1.2,0.4,2.8,2.7,29,,113,115,1
Malik Beasley\beaslma01,SG,24,37,36,1214,10.3,23.3,5,12.5,5.3,10.9,2.6,3.1,1.1,5.2,3.4,1.2,0.3,2.3,2.4,28.2,,109,118,1
Malik Fitts\fittsma01,PF,23,3,0,11,4.5,13.5,4.5,9,0,4.5,0,0,0,13.5,0,0,0,0,13.5,13.5,,102,112,0
Malik Monk\monkma01,SG,22,42,0,878,9.6,22.2,4.7,11.8,4.9,10.4,3.3,4,0.8,4.8,4.8,1.1,0.2,3.1,2.6,27.3,,108,116,0
Mamadi Diakite\diakima01,PF,24,14,1,141,5.3,13.3,0.3,2.7,5,10.7,3.7,4.7,2.7,8.7,2.7,2.3,2,1,5.3,14.7,,110,108,0
Marc Gasol\gasolma01,C,36,52,42,993,4.3,9.5,2.4,6,1.9,3.5,1.8,2.4,1.9,8.7,5.3,1.3,2.8,2.6,5.6,12.8,,115,105,0
Marcus Morris\morrima03,PF,31,57,29,1502,9.1,19.3,4.6,9.8,4.5,9.5,2.4,2.9,1.2,6.6,1.9,1.1,0.5,1.9,3.9,25.2,,117,113,1
Marcus Smart\smartma01,PG,26,48,45,1581,6.3,15.8,2.9,8.7,3.4,7,4,5,1.1,4,8.4,2.2,0.7,3,3.9,19.4,,114,113,1
Markelle Fultz\fultzma01,PG,22,8,8,215,9.3,23.5,0.9,3.6,8.4,19.9,3.8,4.3,1.1,4.5,9.7,1.8,0.5,4.1,4.1,23.3,,96,116,0
Markieff Morris\morrima02,PF,31,61,27,1200,6.2,15.3,2.6,8.5,3.6,6.9,1.5,2,1.9,8.8,3,0.9,0.8,2.2,4.3,16.5,,101,108,0
Markus Howard\howarma02,SG,21,37,1,205,9.6,25.6,4.3,15.7,5.3,9.9,1.7,2.2,0.2,4.8,4.3,1,0.2,4.3,5.5,25.3,,89,116,0
Marques Bolden\boldema01,C,22,6,0,29,1.7,5.1,0,0,1.7,5.1,8.5,13.6,5.1,5.1,0,3.4,3.4,3.4,0,11.9,,101,108,0
Marquese Chriss\chrisma01,PF,23,2,0,27,8.7,24.4,1.7,8.7,7,15.7,3.5,7,5.2,17.4,3.5,0,3.5,3.5,5.2,22.6,,88,104,0
Marvin Bagley III\baglema01,PF,21,43,42,1112,10.7,21.2,1.6,4.7,9.1,16.5,3.3,5.8,4.6,9.2,1.9,0.9,0.9,2.5,4.3,26.2,,109,117,0
Mason Jones\jonesma05,SG,22,32,1,334,7.4,17.5,3.4,9.4,4,8.1,5.7,9.1,1,6.8,6,1,0.1,4.1,3.4,23.8,,104,117,0
Mason Plumlee\plumlma01,C,30,56,56,1499,7.7,12.5,0,0.2,7.7,12.2,3.7,5.5,4.7,12.2,6.6,1.4,1.6,3.4,6.1,19,,122,109,0
Matisse Thybulle\thybuma01,SG,23,65,8,1298,3.8,9,1.6,5.3,2.2,3.7,0.3,0.7,1.1,3.5,2.3,3.9,2.6,1.2,4.7,9.5,,104,103,1
Matt Thomas\thomama02,SG,26,45,0,326,7.4,18.9,4,11.9,3.4,7,1.8,2.1,1,5.5,2.8,0.6,0,2.1,2.7,20.7,,103,115,0
Matthew Dellavedova\dellama01,PG,30,13,1,224,3.1,12.3,0.9,5.5,2.2,6.8,0.9,0.9,1.3,4,12.8,0.9,0.2,1.3,4.6,7.9,,101,118,0
Maurice Harkless\harklma01,PF-SF,27,37,23,772,4.3,10.3,1.4,5.3,2.9,5.1,2.1,2.7,0.8,4.8,2.8,1.9,1.3,1.4,5.4,12.1,,106,116,0
Max Strus\strusma01,SF,24,39,0,507,8.3,18.3,4.9,14.5,3.4,3.8,1.6,2.4,0.5,3.5,2.4,1.1,0.2,0.8,4.2,23.1,,115,115,0
Maxi Kleber\klebima01,PF,29,50,40,1341,4.3,10.1,3.2,7.8,1.1,2.3,1.3,1.4,1.7,7.8,2.5,0.9,1.3,1.1,3.9,13,,123,113,0
Meyers Leonard\leoname01,C,28,3,2,29,5.1,12,5.1,12,0,0,1.7,3.4,0,12,3.4,0,0,3.4,8.6,17.1,,101,113,0
Mfiondu Kabengele\kabenmf01,PF,23,39,0,280,5.8,15.7,2.3,8.8,3.5,6.9,2.8,3.5,2.1,8.5,3,1.4,2.3,2.6,6.3,16.8,,97,111,0
Michael Carter-Williams\cartemi01,SG,29,31,25,800,6.4,16.4,0.9,3.7,5.5,12.7,3,4.9,2.4,6.1,7.8,1.5,1,4.2,4.9,16.7,,93,115,0
Michael Porter Jr.\portemi01,SF,22,61,54,1912,11.5,21.1,4.4,9.9,7.1,11.2,2.7,3.5,2.4,9.2,1.8,1,1.4,2,3.3,30,,125,112,1
Mikal Bridges\bridgmi01,SF,24,72,72,2348,7.6,14.1,2.8,6.6,4.8,7.4,2.3,2.8,1.6,4.9,3.2,1.6,1.3,1.2,2.4,20.4,,131,112,0
Mike Conley\conlemi01,PG,33,51,51,1498,9.2,20.8,4.5,10.9,4.7,9.9,3.9,4.6,1.2,4.6,9.9,2.3,0.3,3.2,3.2,26.9,,123,109,1
Mike James\jamesmi02,PG,30,13,1,236,6.9,18.8,2.2,6.3,4.7,12.5,4.3,5.5,0.6,5.9,11,1.2,0.2,4.1,2,20.4,,103,116,0
Mike Muscala\muscami01,C,29,35,0,645,8.8,19.7,5,13.6,3.8,6.1,2.4,2.7,1.4,8.3,2.1,0.6,0.8,1.5,4,25,,116,115,0
Mike Scott\scottmi01,PF,32,51,12,852,4.3,11.9,3,8.8,1.3,3.2,0.5,0.7,0.6,6.2,2.3,1.4,0.8,1.1,4.1,12.1,,101,110,0
Miles Bridges\bridgmi02,PF,22,66,19,1932,7.9,15.7,2.9,7.3,5,8.4,2.5,2.9,2,8,3.7,1.1,1.3,2.7,3.6,21.2,,116,113,0
Mitchell Robinson\robinmi01,C,22,31,29,853,6.7,10.3,0,0,6.7,10.3,1.5,3.1,6.6,8.2,1,2.1,2.6,1.5,5,15,,131,104,0
Miye Oni\onimi01,SG,23,54,0,519,3.3,9.3,2.8,8.3,0.5,1,0.5,0.6,2.2,5.7,2.6,1,0.8,1.5,5.7,9.9,,110,110,0
Mo Bamba\bambamo01,C,22,46,5,725,9.5,20.2,2.6,7.9,7,12.3,3,4.4,5.1,12.7,2.3,0.9,3.9,2.4,5.8,24.6,,111,109,0
Monte Morris\morrimo01,PG,25,47,13,1196,7.7,16,2.1,5.5,5.6,10.5,2.4,3,0.5,3.5,6.2,1.4,0.5,1.4,2,19.9,,121,115,0
Montrezl Harrell\harremo01,C,27,69,1,1580,11.5,18.6,0,0.3,11.5,18.3,5.6,7.9,4.9,8.3,2.2,1.4,1.5,2.3,3.9,28.7,,127,106,1
Moritz Wagner\wagnemo01,C,23,45,24,722,6.8,15,2,6,4.8,9,4.7,5.7,1.8,7.8,3.3,1.7,1.2,2.8,7.1,20.3,,110,112,0
Moses Brown\brownmo01,C,21,43,32,920,7.5,13.8,0,0,7.5,13.8,4,6.5,8,11.8,0.5,1.6,2.4,2.2,4.8,19.1,,117,109,0
Mychal Mulder\muldemy01,PG,26,60,6,766,7.3,16.2,5.2,13.1,2.1,3.1,0.9,1.3,0.5,3.2,1.6,0.7,0.7,1,3.4,20.7,,113,115,0
Myles Turner\turnemy01,C,24,47,47,1455,6.7,14,2.2,6.7,4.5,7.3,3.6,4.6,2,7.9,1.6,1.3,5.2,2.2,5.4,19.2,,112,108,1
Naji Marshall\marshna01,SF,23,32,10,700,5.6,14.3,2,5.7,3.6,8.6,3.6,5.1,1,9.1,6,1.8,0.7,2.6,4,16.9,,106,113,0
Nassir Little\littlna01,PF,20,48,2,640,5.9,12.7,2.1,6.1,3.8,6.6,2.7,3.4,2.4,7.3,1.8,0.4,1,1.4,3.9,16.8,,121,118,0
Nate Darling\darlina01,SG,22,7,0,26,3.8,13.1,3.8,13.1,0,0,5.6,5.6,1.9,0,1.9,0,1.9,1.9,1.9,16.9,,110,120,0
Nate Hinton\hintona01,SG,21,21,0,93,8,22.3,2.1,10.1,5.8,12.2,3.7,5.3,0.5,4.2,4.2,3.7,1.1,2.7,4.2,21.7,,91,109,0
Nathan Knight\knighna01,PF,23,33,0,279,6.5,17.6,1.1,5.8,5.5,11.8,7.8,9.7,4.8,7.9,1.4,1.6,1.8,2.6,3.9,21.9,,106,112,0
Naz Reid\reidna01,C,21,70,15,1347,10.7,20.4,2.1,6.1,8.5,14.3,4,5.8,2.9,8.4,2.5,1.2,2.7,2.4,6.3,27.5,,115,113,0
Nemanja Bjelica\bjeline01,PF,32,37,3,595,7.2,16,2.2,6.9,5,9,3,4.2,2.4,8,5.6,1.2,0.4,2.7,5.5,19.7,,111,116,0
Nerlens Noel\noelne01,C,26,64,41,1547,4.4,7.2,0,0.1,4.4,7.1,1.6,2.3,4.6,8.6,1.5,2.3,4.6,2.1,5.7,10.5,,121,101,0
Nick Richards\richani01,PF,23,18,0,63,3.1,7,0,0.8,3.1,6.2,5.4,8.5,3.1,5.4,1.6,0,0,2.3,5.4,11.6,,107,119,0
Nickeil Alexander-Walker\alexani01,SG,22,46,13,1007,9.1,21.8,3.6,10.4,5.5,11.4,2.3,3.1,0.6,6.2,4.9,2.2,1,3.3,4.2,24.2,,101,112,0
Nico Mannion\mannini01,PG,19,30,1,364,5,14.7,2.8,7.7,2.2,7,3,3.6,0.8,5.2,9,2.1,0.1,4,3.7,15.9,,99,111,0
Nicolas Batum\batumni01,SF,32,67,38,1835,5.2,11.1,3,7.3,2.2,3.8,1.3,1.6,1.3,7.2,4,1.9,1,1.4,2.8,14.6,,124,110,1
Nicolas Claxton\claxtni01,C,21,32,1,594,7.3,11.8,0.1,0.4,7.2,11.4,2.5,5.2,3.5,10,2.3,1.9,3.2,1.5,5.5,17.2,,124,108,0
Nicolò Melli\mellini01,PF,30,45,4,566,4,12.1,2,7.3,2,4.8,1.6,2.2,2.5,8,3.8,1.2,0.3,1,5,11.5,,106,114,0
Nikola Jokić\jokicni01,C,25,72,72,2488,14.5,25.7,1.8,4.7,12.7,21,6.8,7.8,4.1,11.4,11.9,1.9,1,4.4,3.8,37.7,,130,109,1
Nikola Vučević\vucevni01,C,30,70,70,2348,13.8,28.9,3.6,9.1,10.1,19.8,2.7,3.2,3,13.9,5.6,1.3,1,2.6,2.8,33.9,,112,110,1
Noah Vonleh\vonleno01,PF,25,4,0,11,0,13.2,0,8.8,0,4.4,0,0,0,4.4,4.4,0,0,8.8,8.8,0,,14,120,0
Norman Powell\powelno01,SG-SF,27,69,58,2205,9.6,20.2,3.8,9.2,5.9,11.1,5.2,6,0.9,3.8,2.8,1.8,0.4,2.6,3.5,28.3,,116,116,1
Norvel Pelle\pelleno01,C,27,13,0,84,4.7,8.8,0,0,4.7,8.8,2.3,3.5,3.5,7.6,1.2,0.6,5.3,1.8,8.2,11.7,,113,107,0
Obi Toppin\toppiob01,PF,22,62,0,683,7.6,15.3,1.9,6.2,5.7,9.1,1.4,1.9,1.9,8.2,2.1,1.2,1.1,1.7,4,18.5,,112,108,0
OG Anunoby\anunoog01,SF,23,43,43,1433,8.4,17.5,3.5,8.8,4.9,8.7,2.7,3.4,1.8,6.2,3.2,2.2,1.1,2.5,3.9,23,,113,112,1
Onyeka Okongwu\okongon01,C,20,50,4,601,7.9,12.2,0,0.2,7.9,12,2.9,4.7,5.1,8.3,1.5,1.9,2.7,2.4,8.2,18.7,,125,109,0
Oshae Brissett\brissos01,SF,22,21,16,519,6.6,13.8,3,7.1,3.6,6.6,4.6,5.9,2.6,7.8,1.6,1.7,1.8,0.9,2.9,20.9,,129,111,0
Otto Porter\porteot01,SF-PF,27,28,6,606,7.8,18.2,3.1,8.3,4.7,9.8,2.9,3.4,2.2,9.9,4.4,1.3,0.3,2,3.3,21.7,,113,112,1
P.J. Tucker\tuckepj01,PF,35,52,33,1356,2.3,6.2,1.4,4.1,0.9,2,0.7,1,1.8,5.3,2.1,1.4,0.7,1.4,4.4,6.7,,104,116,1
P.J. Washington\washipj01,PF,22,64,61,1954,7.5,17.1,2.8,7.2,4.7,9.9,2.7,3.6,2.3,8.1,4,1.7,2,3.2,4.3,20.6,,105,111,0
Pascal Siakam\siakapa01,PF,26,56,56,2006,10.5,23.2,1.8,5.9,8.8,17.3,6,7.3,2.3,7.5,6,1.5,0.9,3.1,4.2,28.9,,111,113,1
Pat Connaughton\connapa01,SG,28,69,4,1575,5,11.5,3,8.1,2,3.4,0.9,1.2,1.9,8,2.4,1.5,0.7,1,3,14,,121,112,0
Patrick Beverley\beverpa01,PG,32,37,34,832,5.5,13.1,3.3,8.4,2.2,4.7,2.1,2.7,1.7,5.4,4.5,1.7,1.7,2,6.4,16.5,,118,110,1
Patrick McCaw\mccawpa01,SF,25,5,0,33,1.5,1.5,0,0,1.5,1.5,4.4,4.4,1.5,2.9,5.9,2.9,0,0,8.8,7.3,,233,113,0
Patrick Patterson\pattepa01,PF,31,38,5,582,6.1,14,3.4,9.5,2.7,4.5,1.1,1.4,1.6,4.8,2.5,1.2,0.7,0.9,3.8,16.8,,119,113,0
Patrick Williams\willipa01,PF,19,71,71,1983,6.2,12.9,1.3,3.4,4.9,9.5,2.2,3.1,1.6,6.4,2.4,1.6,1.1,2.4,3.1,16,,105,112,0
Patty Mills\millspa02,PG,32,68,1,1685,7.3,17.6,4.6,12.4,2.6,5.2,2,2.2,0.5,2.8,4.7,1.2,0.1,1.9,2.3,21.2,,111,117,0
Paul George\georgpa01,SF,30,54,54,1821,12.1,25.9,4.6,11.3,7.4,14.6,5.4,6.2,1.2,8.5,7.6,1.7,0.7,4.9,3.6,34.2,,113,110,1
Paul Millsap\millspa01,PF,35,56,36,1162,8.1,17.1,2.1,6.1,6,11,3,4.2,3.2,7.9,4.2,2.2,1.5,2.2,4.7,21.4,,117,110,1
Paul Reed\reedpa01,PF,21,26,0,177,11.4,21.3,0,1.6,11.4,19.6,1.1,2.2,8.2,8.4,3.3,2.7,3.5,3.3,7.9,24,,111,102,0
Paul Watson\watsopa01,SF,26,27,2,297,6.2,13.4,4.9,10.4,1.3,2.9,0.8,1.3,0.7,6.7,2.8,1,0.5,1.5,5.9,18.1,,120,115,0
Payton Pritchard\pritcpa01,SG,23,66,4,1268,7.1,16.1,3.9,9.6,3.2,6.5,1.5,1.7,1.3,4.8,4.6,1.4,0.3,2,4,19.6,,117,115,0
PJ Dozier\doziepj01,SG,24,50,6,1088,6.7,16.1,2.1,6.8,4.6,9.4,1.9,3,1.6,6.7,4.2,1.4,1,2.1,3.9,17.5,,104,113,0
Precious Achiuwa\achiupr01,PF,21,61,4,737,8.4,15.4,0,0.1,8.4,15.3,3.8,7.4,4.9,9.1,2,1.3,1.9,2.9,6.1,20.5,,107,109,0
"Provided by <a href=""https://www.sports-reference.com/sharing.html?utm_source=direct&utm_medium=Share&utm_campaign=ShareTool"">Basketball-Reference.com</a>: <a href=""https://www.basketball-reference.com/leagues/NBA_2021_per_poss.html?sr&utm_source=direct&utm_medium=Share&utm_campaign=ShareTool#per_poss_stats"">View Original Table</a><br>Generated 9/27/2021.",,,,,,,,,,,,,,,,,,,,,,,,,
Quinn Cook\cookqu01,PG,27,23,0,157,9.1,21.2,3.4,8.1,5.6,13.1,2.2,2.5,0.6,4.7,5.6,1.2,0.3,2.2,3.1,23.7,,107,114,0
Quinndary Weatherspoon\weathqu01,SG,24,20,0,121,6.4,14,0.4,2.4,6,11.6,5.2,6.4,1.2,3.2,3.2,3.2,0.8,4,7.2,18.4,,97,111,0
R.J. Hampton\hamptrj01,SG-PG,19,51,1,888,7.5,17.2,1.5,4.8,6,12.4,3,4.5,1.6,8.3,4.8,1.2,0.6,2.9,3.4,19.5,,100,115,0
Rajon Rondo\rondora01,PG,34,45,3,770,6.1,13.8,2.3,5.7,3.8,8.1,1,1.1,1.2,5.9,12.8,2.4,0.3,5.1,3.4,15.5,,108,112,0
Raul Neto\netora01,PG,28,64,22,1403,6.9,14.7,2.1,5.4,4.8,9.3,2.5,2.8,0.9,4.2,4.8,2.4,0.2,1.7,3.6,18.3,,115,113,0
Ray Spalding\spaldra01,C,23,2,0,19,5,10,0,2.5,5,7.5,0,5,5,5,0,0,5,7.5,7.5,10,,60,114,0
Rayjon Tucker\tuckera01,PG,23,14,0,68,6.4,12.8,1.4,5,5,7.8,9.9,13.5,0.7,7.1,4.3,1.4,0,2.8,5.7,24.1,,123,110,0
Reggie Bullock\bullore01,SF,29,65,64,1949,6.4,14.4,4.2,10.2,2.2,4.2,1.3,1.4,0.4,5.3,2.5,1.3,0.3,1.2,3.7,18.2,,118,111,0
Reggie Jackson\jacksre01,SG,30,67,43,1544,8.4,18.8,3.9,9,4.5,9.7,2.1,2.6,0.8,5.4,6.6,1.3,0.2,2.4,4.1,22.9,,116,113,1
Reggie Perry\perryre01,PF,20,26,0,211,7.3,17.8,0.9,4.8,6.4,13,2.3,3,6.2,10.5,3.2,1.4,1.4,3.4,9.1,17.8,,101,111,0
Richaun Holmes\holmeri01,C,27,61,61,1782,9.9,15.5,0.1,0.3,9.8,15.2,3.6,4.6,3.9,9.7,2.7,1.1,2.6,2,5.7,23.4,,130,115,1
Ricky Rubio\rubiori01,PG,30,68,51,1772,5.1,13.3,1.8,5.7,3.4,7.6,3.5,4,0.7,5.2,11.5,2.6,0.1,3,3.7,15.5,,113,115,0
RJ Barrett\barrerj01,SG,20,72,72,2511,9.3,21.1,2.5,6.2,6.8,15,4.1,5.5,1.4,6.9,4.3,1.1,0.4,2.8,3.7,25.2,,106,110,1
Robert Covington\covinro01,PF,30,70,70,2243,4.4,11.1,2.9,7.7,1.5,3.3,1.1,1.3,1.3,8.8,2.5,2.2,1.8,1.4,4.2,12.9,,113,112,1
Robert Franks\frankro01,PF,24,7,0,101,6.3,13.5,2.4,7.2,3.9,6.3,5.8,6.3,2.9,3.9,2.4,1.4,1.4,1,3.9,20.7,,133,116,0
Robert Williams\williro04,C,23,52,13,985,9.2,12.8,0,0.1,9.2,12.7,2.2,3.6,6.6,11.2,4.7,2.1,4.5,2.6,5.2,20.7,,139,104,0
Robert Woodard\woodaro01,SF,21,13,0,45,8.5,21.3,1.1,6.4,7.5,14.9,3.2,8.5,4.3,12.8,2.1,0,3.2,1.1,4.3,21.3,,96,114,0
Robin Lopez\lopezro01,C,32,71,9,1354,9.2,14.5,0.2,0.6,9,13.9,3.4,4.7,4.8,4.5,1.9,0.5,1.5,2.6,3.7,21.9,,124,116,0
Rodions Kurucs\kurucro01,SF-PF,22,21,0,125,4.2,12.1,2.3,8,1.9,4.2,1.1,1.5,1.9,6.8,3.8,3.4,1.5,4.9,6.1,11.7,,79,109,0
Rodney Hood\hoodro01,SF,28,55,5,942,4.9,13.4,1.8,5.8,3.1,7.6,1.2,1.4,1.2,4.1,2.7,1.2,0.4,1.9,3.8,12.7,,94,118,0
Rodney McGruder\mcgruro01,SG,29,16,2,194,9.4,17.7,2.8,6.1,6.6,11.6,1.5,2,2,3.5,4,2,0.3,1.8,3,23,,120,114,0
Romeo Langford\langfro01,SG,21,18,4,283,3.6,10.2,0.9,3.1,2.8,7.1,1.6,2.1,2.1,4,2.2,1,0.9,1.7,4.1,9.7,,95,116,0
Rondae Hollis-Jefferson\holliro01,PF,26,11,1,107,4.1,8.2,0,0.5,4.1,7.7,4.1,7.3,5,6.8,5.9,0.9,1.8,0.9,6.8,12.3,,136,116,0
Royce O'Neale\onealro01,SF,27,71,71,2241,3.8,8.6,2.3,6,1.5,2.5,0.8,1,1.9,8.6,3.9,1.2,0.7,1.8,4,10.8,,121,108,0
Rudy Gay\gayru01,PF,34,63,1,1358,9.4,22.4,3.8,9.9,5.6,12.5,2.9,3.6,1.5,9.3,3.1,1.6,1.4,2.3,4.1,25.6,,103,111,1
Rudy Gobert\goberru01,C,28,71,71,2187,8.7,12.9,0,0.1,8.7,12.8,5.2,8.3,5.3,16,2,0.9,4.2,2.6,3.6,22.6,,131,101,1
Rui Hachimura\hachiru01,PF,22,57,57,1797,8,16.6,1.2,3.5,6.8,13.1,3.2,4.1,1.3,6.7,2.1,1.1,0.2,1.7,3.1,20.2,,107,115,1
Russell Westbrook\westbru01,PG,32,65,65,2369,10.6,24.1,1.7,5.3,8.9,18.8,5.3,8,2.1,12.5,14.9,1.7,0.4,6.1,3.7,28.1,,105,110,1
Ryan Arcidiacono\arcidry01,PG,26,44,0,450,5.3,12.6,2.7,7.2,2.6,5.4,1.4,2.2,0.5,6.7,6,1,0,1.1,5.1,14.7,,118,114,0
Saben Lee\leesa01,PG,21,48,7,781,6.2,13.2,0.5,1.4,5.7,11.7,3.8,5.6,1.3,4.8,10.9,2,0.8,3.5,4.8,16.8,,112,113,0
Saddiq Bey\beysa01,SF,21,70,53,1909,7.2,17.8,4.5,11.8,2.7,5.9,3.2,3.8,1.1,7.1,2.4,1.3,0.4,1.5,2.8,22,,112,114,0
Sam Merrill\merrisa01,SG,24,30,2,233,6.4,14.5,4.2,9.5,2.2,5,0.8,0.8,1.2,4.8,4.2,1.6,0.2,2,3.4,17.9,,118,114,0
Sean McDermott\mcderse01,SF,24,18,0,158,3.9,10,1.5,6.7,2.4,3.3,2.4,2.4,1.8,3.9,1.2,0.6,0.9,1.2,2.4,11.8,,110,116,0
Sekou Doumbouya\doumbse01,PF,20,56,11,869,6,15.9,1.5,6.5,4.6,9.4,2.5,3.6,2.2,5.9,2.7,1.4,0.5,2.5,5.3,16.1,,93,114,0
Semi Ojeleye\ojelese01,PF,26,56,15,950,4.6,11.4,3,8.1,1.6,3.2,1.2,1.6,1.6,6,1.9,0.9,0,1.1,2.9,13.4,,114,116,0
Serge Ibaka\ibakase01,C,31,41,39,955,9.6,18.9,2,6,7.6,13,2.2,2.7,3.8,10.5,3.8,0.5,2.4,2.3,3.9,23.5,,119,110,1
Seth Curry\curryse01,SG,30,57,57,1638,7.6,16.3,3.7,8.2,3.9,8,2,2.3,0.3,3.7,4.6,1.3,0.2,1.9,2.8,20.9,,118,112,1
Shai Gilgeous-Alexander\gilgesh01,SG,22,35,35,1180,11.6,22.8,2.9,6.8,8.7,15.9,7.5,9.2,0.8,5.9,8.3,1.1,0.9,4.3,2.8,33.4,,118,115,1
Shake Milton\miltosh01,SG,24,63,4,1461,9.9,22,2.3,6.7,7.6,15.3,4.8,5.8,1.1,3.8,6.4,1.3,0.6,3.4,4.3,27,,109,112,0
Shaquille Harrison\harrish01,SG,27,34,0,333,3.8,11.5,0.4,2.4,3.4,9.2,2.7,3.3,1,6.1,3.7,2.5,0.7,1.6,4.9,10.8,,94,110,0
Sindarius Thornwell\thornsi01,SG,26,21,1,217,3.3,10.3,1.6,5.1,1.8,5.1,0.9,1.8,0.7,3.3,4.7,2.9,0.4,1.6,3.3,9.1,,93,114,0
Skylar Mays\mayssk01,SG,23,33,0,269,8,17.9,2.6,7.3,5.5,10.6,4,4.6,1.8,4.6,5.5,2.6,0.4,1.6,2.7,22.7,,121,113,0
Solomon Hill\hillso01,PF,29,71,16,1513,3.5,9.7,2.2,6.9,1.3,2.8,1.1,1.5,1.4,5.6,2.4,1.6,0.4,1.4,3.8,10.3,,104,115,0
Spencer Dinwiddie\dinwisp01,SG,27,3,3,64,4.5,12.1,1.5,5.3,3,6.8,4.5,4.5,0,9.8,6.8,1.5,0.8,3.8,3,15.1,,102,112,1
Stanley Johnson\johnsst04,PF,24,61,13,1006,4.3,11.2,2.2,6.6,2.1,4.6,2.1,2.6,1.4,6,4.3,2.5,0.9,2.6,5.6,12.8,,102,112,0
Stephen Curry\curryst01,PG,32,63,63,2152,14.4,29.8,7.4,17.5,7,12.3,7.9,8.6,0.6,6.9,7.9,1.7,0.2,4.6,2.6,44,,119,111,1
Sterling Brown\brownst02,SG,25,51,14,1229,5.8,12.9,3.5,8.3,2.3,4.6,1,1.2,1.5,7.2,2.8,1.5,0.5,1.6,3.7,16,,114,116,0
Steven Adams\adamsst01,C,27,58,58,1605,5.6,9.2,0,0.1,5.6,9.1,1.8,4,6.4,9,3.3,1.6,1.1,2.3,3.4,13.1,,122,112,1
Sviatoslav Mykhailiuk\mykhasv01,SF-SG,23,66,14,1324,7.6,18.4,3.8,11.4,3.8,7,1.4,1.8,0.9,5.1,4,1.9,0.4,3.2,2.3,20.4,,98,114,0
T.J. Leaf\leaftj01,PF,23,7,0,35,7,13.9,0,0,7,13.9,2.8,2.8,0,7,1.4,2.8,1.4,2.8,1.4,16.7,,97,113,0
T.J. McConnell\mccontj01,PG,28,69,3,1796,7.2,12.9,0.4,1.3,6.8,11.6,0.9,1.3,1.4,5.3,12,3.4,0.6,3.6,3,15.7,,117,110,0
T.J. Warren\warretj01,SF,27,4,4,117,10.9,20.6,0,2.8,10.9,17.8,3.2,4,0.8,4.8,2,0.8,0,1.6,6.5,25,,107,117,1
Tacko Fall\fallta01,C,25,19,0,136,7.5,10.4,0,0,7.5,10.4,1.8,5.4,5.7,12.9,1.1,0.4,7.2,2.2,7.9,16.9,,124,104,0
Taj Gibson\gibsota01,PF,35,45,3,936,5.3,8.4,0.2,0.8,5.1,7.6,2.1,2.9,5.3,8.1,1.9,1.7,2.6,1.2,5.3,12.9,,139,105,0
Talen Horton-Tucker\hortota01,SG,20,65,4,1304,8.4,18.2,1.4,4.9,7,13.4,3.7,4.8,0.9,5.4,6.8,2.4,0.8,3.9,4.7,21.8,,103,107,0
Taurean Prince\princta02,PF,26,41,10,905,7.1,17.7,3.4,8.4,3.7,9.3,3.5,4.1,1,6.7,4.1,1.5,1.2,2.5,4.1,21.1,,106,114,0
Terance Mann\mannte01,SG,24,67,10,1263,7,13.7,1.5,3.6,5.5,10.2,3.1,3.7,2.2,7.3,4.1,1.1,0.5,1.6,4.9,18.5,,125,112,0
Terence Davis\daviste02,SG,23,61,4,1074,8.7,20.5,4.4,12,4.4,8.5,2,2.5,0.9,6,3.7,2,0.6,2.8,4.4,23.9,,104,115,0
Terrance Ferguson\fergute01,SG,22,13,0,49,1,6.9,0,4.9,1,2,0,0,0,1,2,1,0,3.9,6.9,2,,30,114,0
Terrence Ross\rosste01,SG,29,46,2,1347,9.2,22.3,3.2,9.5,6,12.7,4.3,5,0.5,5.2,3.9,1.7,0.8,2.7,3.2,25.9,,103,115,0
Terry Rozier\roziete01,SG,26,69,69,2383,10.5,23.2,4.5,11.7,5.9,11.5,3.4,4.1,1,5.2,6,1.8,0.5,2.6,2.4,28.8,,113,114,1
Thaddeus Young\youngth01,PF,32,68,23,1652,10.9,19.4,0.4,1.3,10.5,18.1,2.1,3.3,4.9,7.5,8.5,2.2,1.2,4,4.5,24.2,,116,110,0
Thanasis Antetokounmpo\antetth01,SF,28,57,3,551,5.7,11.7,0.6,2.5,5.1,9.2,2.1,4.2,4.6,6,3.9,1.9,0.9,3.7,6.3,14.1,,104,112,0
Théo Maledon\maledth01,PG,19,65,49,1778,6,16.4,2.8,8.4,3.2,8,2.7,3.6,0.7,5,6.1,1.5,0.3,3.8,3.4,17.6,,94,116,0
Theo Pinson\pinsoth01,SG,25,17,0,34,1.5,13.2,0,11.8,1.5,1.5,0,0,0,7.4,1.5,0,0,1.5,5.9,2.9,,29,113,0
Thomas Bryant\bryanth01,C,23,10,10,271,10,15.5,1.5,3.6,8.5,11.9,2.7,4.1,3.1,7.3,2.6,0.7,1.4,1.9,5.3,24.3,,132,114,0
Thon Maker\makerth01,C,23,8,0,76,6.5,11.7,0,1.3,6.5,10.4,6.5,7.1,5.2,6.5,2.6,1.3,2.6,1.9,4.5,19.5,,133,113,0
Tim Frazier\fraziti01,PG,30,5,0,62,2.3,15.4,0,6.2,2.3,9.3,1.5,4.6,0,6.2,12.3,1.5,0.8,3.1,5.4,6.2,,63,112,0
Tim Hardaway Jr.\hardati02,SG,28,70,31,1985,10.1,22.6,5.1,13.1,5,9.5,3.5,4.3,0.5,5.2,3.1,0.8,0.3,1.6,2.8,28.9,,116,116,1
Timothé Luwawu-Cabarrot\luwawti01,SF,25,58,7,1050,6,16.4,3.4,11,2.5,5.4,1.6,2,1.3,4.6,3.2,1.5,0.3,2,4.5,17,,100,116,0
Tobias Harris\harrito02,PF,28,62,62,2014,11.3,22.1,2,5,9.4,17.1,4.4,4.9,1.5,8.5,5.3,1.3,1.2,2.6,2.8,29,,118,108,1
Tomáš Satoranský\satorto01,SG,29,58,18,1307,6.3,12.2,1.6,4.4,4.7,7.8,2.5,2.9,1.1,4.2,10.1,1.5,0.5,3.6,3.3,16.6,,118,114,0
Tony Bradley\bradlto01,C,23,42,8,684,9.2,13.8,0,0.2,9.2,13.6,2.7,3.8,5.9,10.8,2.6,1,2.1,2.3,4.3,21,,131,109,0
Tony Snell\snellto01,SG,29,47,23,992,4.4,8.5,3.1,5.4,1.3,3.1,0.5,0.5,0.9,4.7,2.9,0.6,0.5,1,3.7,12.3,,135,117,0
Torrey Craig\craigto01,SF,30,50,8,803,6.6,13.8,2.4,6.4,4.2,7.3,1,1.3,3.5,8.5,3,1.7,1.6,1.5,5,16.6,,120,109,0
Trae Young\youngtr01,PG,22,63,63,2125,11.3,25.7,3.1,9.2,8.1,16.6,11.2,12.6,0.9,4.8,13.8,1.2,0.3,6,2.6,36.9,,117,116,1
Tre Jones\jonestr01,PG,21,37,1,269,6.7,14.1,0.5,0.9,6.1,13.2,3.1,3.4,1.4,2.3,7,1.4,0,2.3,2.3,17,,112,117,0
Tremont Waters\watertr01,PG,23,26,3,238,7,17.2,3.1,7.8,3.9,9.4,3.3,3.5,1,3.3,12.7,3.1,0.2,5.5,3.5,20.3,,108,112,0
Trent Forrest\forretr01,PG,22,30,0,302,5.2,11.5,0.8,4.2,4.4,7.3,3.1,3.1,1.8,5.3,7.3,1.5,0.6,3.4,3.5,14.2,,113,110,0
Trevor Ariza\arizatr01,SF,35,30,27,841,5.8,14.2,3,8.4,2.9,5.8,2,2.6,1.6,6.9,3.2,1.8,1.1,1.2,3.2,16.7,,111,111,0
Trey Burke\burketr01,PG,28,62,1,911,8.2,19.1,3.1,8.9,5,10.2,2.8,3.1,0.5,2.4,4.4,1.9,0.4,1.8,3.5,22.3,,110,115,0
Trey Lyles\lylestr01,PF,25,23,9,358,5.8,12.2,1.9,5.4,3.9,6.8,2,3.1,1.2,10.4,1.9,0.8,0.1,0.8,1.8,15.6,,116,114,0
Tristan Thompson\thomptr01,PF,29,54,43,1287,6.4,12.4,0,0.1,6.4,12.3,2.7,4.6,6.4,10.2,2.5,0.9,1.3,2.4,4.5,15.5,,116,112,0
Troy Brown Jr.\browntr01,SF,21,34,0,524,5.6,13,2,6.3,3.6,6.7,1.3,1.9,1.8,7.6,2.6,0.9,0.5,1.9,4.4,14.5,,103,114,0
Ty Jerome\jeromty01,SG,23,33,1,788,7.7,17.3,4.3,10.1,3.4,7.2,1.6,2.1,0.6,4.9,7.2,1.2,0.4,2.8,3.7,21.3,,113,116,0
Ty-Shon Alexander\alexaty01,SG,22,15,0,47,3.2,12.6,2.1,9.5,1.1,3.2,1.1,2.1,2.1,8.4,6.3,0,1.1,3.2,2.1,9.5,,84,114,0
Tyler Bey\beyty01,SF,22,18,0,71,4.9,15.3,0.7,2.8,4.2,12.5,2.1,3.5,5.6,7.6,2.1,0,0.7,2.1,4.2,12.5,,91,116,0
Tyler Cook\cookty01,SF-PF,23,32,1,438,7.7,11.5,0.1,0.2,7.6,11.3,1.9,3.9,3.1,7.5,1.9,0.9,0.2,2.4,3.9,17.5,,118,115,0
Tyler Herro\herroty01,SG,21,54,15,1635,9.3,21.2,3.3,9,6.1,12.2,2.9,3.6,0.8,7.4,5.6,1.1,0.5,3.1,2.2,24.8,,104,113,0
Tyler Johnson\johnsty01,SG,28,39,3,684,5.1,12.9,3.4,9.3,1.7,3.6,1.3,1.5,0.4,5,3.3,1,0,1.2,3,14.8,,111,117,0
Tyrell Terry\terryty01,PG,20,11,0,56,4.4,14.1,0,6.2,4.4,7.9,0.9,2.6,0,5.3,5.3,4.4,0,1.8,1.8,9.7,,75,108,0
Tyrese Haliburton\halibty01,PG,20,58,20,1746,8,17,3.3,8.1,4.7,8.9,1.3,1.5,1.1,3.7,8.5,2.1,0.8,2.5,2.3,20.7,,118,118,0
Tyrese Maxey\maxeyty01,SG,20,61,8,935,10.2,22.1,1.6,5.3,8.6,16.8,3.1,3.6,0.6,4.8,6.2,1.3,0.7,2.1,4.1,25.2,,110,111,1
Tyus Jones\jonesty01,PG,24,70,9,1222,7,16.2,1.8,5.5,5.2,10.7,1.6,1.8,0.8,4.7,10.1,2.5,0.2,1.9,1.2,17.3,,115,112,0
Udoka Azubuike\azubuud01,C,21,15,0,57,3.4,7.7,0,0,3.4,7.7,6.8,8.5,3.4,7.7,0,0.9,3.4,2.6,7.7,13.7,,113,106,0
Udonis Haslem\hasleud01,C,40,1,0,3,33.1,33.1,0,0,33.1,33.1,0,0,0,16.6,0,0,0,0,0,66.2,,200,111,0
Vernon Carey Jr.\careyve01,C,19,19,4,115,7.6,15.3,0.4,3,7.2,12.3,3.8,4.7,2.5,8.9,0.8,0.4,2.1,2.1,5.5,19.5,,108,113,0
Victor Oladipo\oladivi01,SG,28,33,33,1080,10.3,25.4,3.4,10.5,6.9,14.8,4.6,6.1,0.5,6.5,6.6,2,0.6,3.7,3.6,28.7,,100,114,1
Vincent Poirier\poirivi01,C,27,10,0,39,3.7,14.8,0,1.2,3.7,13.6,2.5,7.4,7.4,9.9,2.5,0,3.7,4.9,9.9,9.9,,70,107,0
Vlatko Čančar\cancavl01,PF,23,41,1,281,5.8,12.7,1.6,5.8,4.2,6.9,1.8,2.3,1.9,6.9,2.5,1.9,0.4,2.5,3.2,15,,104,112,0
Wayne Ellington\ellinwa01,SG,33,46,31,1012,7.2,16.4,5.6,13.3,1.6,3.1,1.4,1.7,0.6,3.5,3.2,0.9,0.4,1.6,2.9,21.4,,118,117,0
Wendell Carter Jr.\cartewe01,C,21,54,44,1375,8.1,16.1,0.5,1.8,7.6,14.3,4.6,6.3,4.7,11,3.7,1.2,1.5,2.8,5.2,21.4,,114,111,0
Wenyen Gabriel\gabriwe01,PF,23,21,0,241,4.8,11.9,2.6,6.4,2.2,5.6,2.2,3.4,4,6.8,2.2,1.8,1.6,3,6.4,14.3,,104,112,0
Wesley Iwundu\iwundwe01,SF,26,41,4,539,3.1,9.2,0.5,3.7,2.6,5.5,2.3,2.8,1.4,6.8,1.6,1.4,0.4,1.7,4.4,8.9,,89,114,0
Wesley Matthews\matthwe02,SG,34,58,10,1130,3.8,10.8,2.8,8.5,1,2.4,1.5,1.8,0.9,3.1,2.3,1.6,0.7,1.1,3.4,12,,106,110,0
Will Barton\bartowi01,SF,30,56,52,1736,7.4,17.3,2.8,7.3,4.6,10,2.7,3.4,1.1,5.3,5.2,1.4,0.7,2.7,2.7,20.2,,107,114,0
Will Magnay\magnawi01,C,22,1,0,3,0,16,0,16,0,0,0,0,0,0,0,0,0,16,16,0,,0,122,0
Willie Cauley-Stein\caulewi01,C,27,53,16,906,6.3,9.9,0.1,0.6,6.2,9.3,2.7,4.2,3.6,9.3,1.9,1.1,2.3,1.6,7,15.2,,128,110,0
Willy Hernangómez\hernawi01,C,26,47,12,846,8.6,15.2,0.1,0.6,8.5,14.6,3.5,5.3,6.6,12.3,2.8,1.2,1.3,1.9,3.9,20.7,,125,111,0
Xavier Tillman Sr.\tillmxa01,PF,22,59,12,1085,7.4,13.2,1,2.9,6.4,10.3,1.5,2.3,3.3,8,3.3,1.9,1.5,2,5.1,17.2,,119,110,0
Yogi Ferrell\ferreyo01,PG,27,10,0,136,7.3,20.7,3.3,10.2,4,10.5,2.5,3.3,1.8,5.1,8,2.5,1.1,1.1,4,20.4,,110,111,0
Yuta Watanabe\watanyu01,SF,26,50,4,723,5.3,12,2.4,6,2.9,6,1.6,1.9,2.4,8.2,2.7,1.7,1.3,1.3,3.8,14.6,,117,111,0
Zach LaVine\lavinza01,SG,25,58,58,2034,13.6,26.8,4.8,11.4,8.8,15.4,6,7.1,0.9,6,6.7,1.1,0.6,4.8,3.3,37.9,,115,114,1
Zeke Nnaji\nnajize01,PF,20,42,1,397,6.2,12.9,3,7.3,3.2,5.6,1.5,1.9,1.7,6.3,1.2,1,0.5,0.9,3.6,16.9,,124,115,0
Zion Williamson\willizi01,PF,20,61,61,2026,15,24.5,0.2,0.8,14.8,23.7,8.7,12.5,4,6.5,5.3,1.3,0.9,4,3.2,39,,124,115,1